comment,category,tag,keywords
オートチャージで丁寧に教えてくれた。感謝。,サービス・設備,接客態度,"['オートチャージ', '教えて']"
スプレッドで、明治スプレッタブルという商品を置いてほしい。しょうゆとマヨネーズは安めにしてほしい。お菓子はスーパーと値段がほぼ変わらないので季節ものの商品は安めに置いて頂くとかしたらわざわざ買いに行く価値があるかと思います。,商品,商品在庫,"['スプレッド', '明治スプレッタブル', 'しょうゆ', 'マヨネーズ', 'お菓子', 'スーパー', '値段', '季節もの', '安め']"
シャンプーのジュレームを安くしてほしい,商品,ヘルスケア,"['シャンプー', 'ジュレーム', '安く']"
いつも、Aさんの対応が素晴らしい。これからも頑張ってください。,サービス・設備,接客態度,"['対応', '素晴らしい', '頑張って']"
頻繁に売り場が、急に変わるのが困ります。,サービス・設備,店内レイアウト,"['売り場', '変わる']"
店員の対応の良し悪しで選んでしまう,サービス・設備,接客態度,[]
長い間レジ待ちした挙げ句、店員と一緒に現れた人に先を越された。気分悪い。,サービス・設備,レジ処理の速度,"['レジ待ち', '先を越された']"
安いビールを入れて欲しいです！大宮店に。,商品,デイリー,"['安い', 'ビール', '大宮店']"
寝具のマットレスの種類を多くして欲しい,商品,寝具,"['マットレス', '種類']"
ビッグピート、バスカーなどウイスキーの種類が増え、ドンキでウイスキーを買うという選択がひろがりました,商品,リカー＆ワイン,"['ビッグピート', 'バスカー', 'ウイスキー', 'ドンキ']"
レジの店員が丁寧に服を畳んでビニール袋に入れてくれた。,サービス・設備,接客態度,"['レジ', '店員', '丁寧', '服', '畳む', 'ビニール袋']"
いつも通り丁寧にして頂いている,サービス・設備,接客態度,['丁寧']
駐車場の高齢者スペースを少ない。増やしてほしい,サービス・設備,駐車場,"['高齢者スペース', '少ない', '増やしてほしい']"
クーポンはあるが、商品がないのがここ何回かある。仕方ないが残念。,商品,欠品,"['クーポン', '商品', 'ない', '残念']"
Tさんのレジがスムーズで早かった,サービス・設備,レジ処理の速度,"['Tさん', 'レジ', 'スムーズ', '早かった']"
大津店のスタッフさんはみんな対応がいいです。引っ越して来てから私達家族は1度も嫌な思いとかした事がないので凄く嬉しいです。これからもたくさん利用します！,サービス・設備,接客態度,"['大津店', 'スタッフ', '対応', '嬉しい']"
スムーズでした,サービス・設備,接客態度,['スムーズ']
いつも優しい店員さんがいる,サービス・設備,接客態度,"['優しい', '店員さん']"
買いたい商品を探していましたが棚出しスタッフが忙しそうで質問が出来なかった ,サービス・設備,接客態度,"['棚出しスタッフ', '忙しい', '質問']"
カップフヌードルの合体シリーズがどこよりも高くて残念 ,商品,デイリーグッズ,"['カップヌードル', '合体シリーズ', '高い']"
会計も空いていてスムーズにできてとても良かった。,サービス・設備,レジ処理の速度,"['会計', '空いている', 'スムーズ']"
レジ待ち時間が長いです 。,サービス・設備,レジ処理の速度,"['レジ待ち時間', '長い']"
目薬が欲しい。,商品,ヘルスケア,['目薬']
マタニティ用品を取り扱ってほしいウェアや下着、レギンス、葉酸サプリなど 現状見当たらないので 。,商品,ヘルスケア,"['マタニティ用品', 'ウェア', '下着', 'レギンス', '葉酸サプリ']"
店内のWi-Fiにつながっても、弱い為、アプリが起動しない アプリを起動させる為、いちいちWi-Fiを切らなくてはならないのがとても面倒 更に、元に戻すのを忘れ、自宅のWi-Fiにつながっでいるものだと思いギガを使ってしまい失敗することも 繋がらないWi-Fiなら、やめてほしい 。,サービス・設備,その他設備,"['レジ', '店内', 'Wi-Fi', 'アプリ', '面倒', '失敗']"
ドンキブランドを買ったら10%ポイント還元をまたしてほしい！。,サービス・設備,割引サービス,"['ドンキブランド', '10%ポイント還元']"
レジ担当の方がお客様の顔見ながら声かけしていて気持ちよかったです ありがとうございます どの方も同じように接客してくれたらいいですね 。,サービス・設備,接客態度,"['レジ担当', 'お客様の顔見ながら声かけ', '気持ちよかった']"
今日も快適にお買い物が出来ました 有難うございました 。,サービス・設備,接客態度,"['快適', 'お買い物', '有難うございました']"
毎回わくわくしながらお買い物楽しんでいます♪安さどこにも負けてないと私は思います！！♫。,商品,商品価格,"['お買い物', '楽しい', '安い']"
商品にホコリかぶっていました 。,商品,店内の清潔度,['ホコリ']
声が聞き取りづらい。,サービス・設備,接客態度,"['声', '聞き取りづらい']"
品揃えがよく買い物に行くのが楽しみです 。,商品,商品陳列,"['品揃え', '買い物', '楽しみ']"
コーンドレッシング置いてほしぃ！。,商品,デイリー,['コーンドレッシング']
プラネット組をありがとう。,サービス・設備,菓子・珍味,['ありがとう']
品数豊富で安い　ド商品楽しいです。,商品,商品在庫,"['品数豊富', '安い', '楽しい']"
クジてなかなか当たら無いのやな～。,サービス・設備,その他サービス,"['クジ', '当たらない']"
Bさんgood。,サービス・設備,接客態度,"['Bさん', 'good']"
Webクーポンしか割り引きのない物は買わない！同じ会員で､区別するか？。,サービス・設備,割引サービス,"['クーポン', '割引']"
レジが親切でした！。,サービス・設備,接客態度,['親切']
惣菜が安くなっててよかった。,商品,デリカ,"['惣菜', '安くなる']"
クールグリースの再度取り扱いお願いします！。,商品,ヘルスケア,"['クールグリース', '取り扱い']"
レジをもっと解放してて欲しい夕方頃でお客さん多いのにあまり解放してないせいで結構待ちました。,サービス・設備,レジ処理の速度,"['レジ', '解放', '夕方', 'お客さん', '待ち']"
駐車する際、空きスペースが少し少ないような気がします 駐車場の立体化できれば、便利になります 。,サービス・設備,駐車場,"['駐車', '空きスペース', '少ない', '立体化']"
キャリーケースをもう少し安くしてほしいです 。,商品,ホームグッズ,"['キャリーケース', '安く']"
一階レジの朝の方々は、比較的皆さん笑顔で対応して頂きますので、気持ちがいいです 2階中央レジの方は、全体的に少しそっけない感じがします 。,サービス・設備,接客態度,"['一階レジ', '朝', '笑顔', '対応', '気持ちいい', '2階中央レジ', 'そっけない']"
商品にけっこう埃がたまってる。,サービス・設備,店内の清潔度,['埃']
お昼に来店させてもらいました 品出しなど店員さん達も忙しく働いているのに、男性店員(眼鏡の人)ボォーっと突っ立ってボソボソ何か独り言?!言いながら手遊び 店長さんも注意して見た方がいいのでは?!他の真面目に働いてる人が可哀想です 。,サービス・設備,接客態度,"['店員', '眼鏡', '独り言', '手遊び', '注意']"
いつも安くてスーパー変わりに楽しみに来ています。,サービス・設備,商品価格,"['安く', 'スーパー', '変わり', '楽しみ']"
レジ解放、もう少し、多めに、してください。,サービス・設備,レジ処理の速度,"['レジ解放', '多め']"
バイトがやる気ないな 。,サービス・設備,接客態度,"['バイト', 'やる気ない']"
レジに並ぶと直ぐにCさん（女性の方）が手を上げて会計に案内してくれました 急いでいたので、スムーズに支払いができ、助かりました 。,サービス・設備,レジ処理の速度,"['レジ', '直ぐ', 'Cさん', '女性', '手を上げて', '会計', '案内', 'スムーズ', '支払い', '助かりました']"
少しでも並ぶと閉鎖しているレジが開く すごいと思う。,サービス・設備,レジ処理の速度,"['並ぶ', '閉鎖', '開く']"
家電 もーひと頑張り下げてほしい。,サービス・設備,ホームエレクトロニクス,"['頑張り', '下げてほしい']"
サービスカウンターの店員さんが対応が良いです。,サービス・設備,接客態度,"['サービスカウンター', '店員さん', '対応', '良い']"
ネスカフェ　ゴールドブレンドの120gを売って欲しい 。,商品,デイリー,"['ネスカフェ', 'ゴールドブレンド', '120g']"
レジに居た外国の店員さんの日本語が下手で分かりにくかった 。,サービス・設備,接客態度,"['外国', '店員', '日本語', '下手', '分かりにくい']"
レジの方は印象が良いです せっかく範囲が広いのに空いてるレジが少ないのが不満です もっと沢山解放してほしいです 。,サービス・設備,レジ処理の速度,"['レジ', '範囲', '空いてる', '少ない', '解放']"
従業員のYさんの応対等が良かった、気配りもできていました 。,サービス・設備,接客態度,"['従業員', 'Yさん', '応対', '気配り']"
柔軟剤のモルトを入荷してほしいと言い続けてきました すごく安かったので売り切れ次第終了でしょうけどほんとにほんとに嬉しかったです！！買いだめしちゃいました！！またお願いします！！ニュースして頂き有難うございました。,商品,デイリー,"['柔軟剤', 'モルト', '安い', '売り切れ', '買いだめ']"
●エバラ｢ぬか漬けの素(ボトル)｣を置いて欲しい●駐車場誘導係の方の対応が明解＆的確、且つスピーディーで安心して入出庫できとても有難い。,商品,デイリー,"['エバラ', 'ぬか漬けの素']"
品だしが忙しいとは思いますが声掛けしてどいてもらいましたが少し怒ってたかな？と感じました。,サービス・設備,接客態度,"['品出し', '忙しい', '声掛け', '怒ってる']"
通路には商品を置かないでほしいせめてカートが通れるようにしてほしい。,サービス・設備,店内レイアウト,"['通路', '商品', 'カート']"
広告商品が前面になく奥にあり見つけられず、2回も店員に聞きました 指示により別の店員の方がその場所まで案内してくれましたが、棚を指差しただけで顔も見ずに立ち去りました その上、値段も通常価格であり訂正してもらいました 売場名だけ聞いても辿り着かない事もあるし初めから案内するべきではないでしょうか 10分以上散々探した後で大変疲れました 。,サービス・設備,接客態度,"['広告商品', '見つけられず', '店員', '指示', '案内', '値段', '通常価格', '訂正', '売場名', '初めから案内', '探した', '疲れました']"
paypay決済が出来るようにして欲しい 。,サービス・設備,その他サービス,"['paypay', '決済']"
クーポンがみつけられず、購入しなかった 。,サービス・設備,割引サービス,"['クーポン', 'みつけられず', '購入しなかった']"
カゴやレジバッグにキレイに詰めて貰えました ありがとうございました。,サービス・設備,レジ処理の速度,"['カゴ', 'レジバッグ', 'キレイに詰めて貰えました']"
対応は良かった、でも普通かな？。,サービス・設備,接客態度,"['対応', '良かった', '普通']"
前は店員さんがつかまらなかったけど、今日は平日の昼ということもあってか、店員さんが沢山いて、食品の場所が分からなかったけど、丁寧な対応をしてもらった 。,サービス・設備,接客態度,"['店員さん', '平日の昼', '食品', '分からなかった', '丁寧な対応']"
アプリのアップデートでクーポンが分からないのがあり、レジで店員さんに聞いたけど、あ〜アップデートで難しく分かりませんと言われ対応してくれませんでした わからないから聞いてるのに、対応しないなら聞く意味無いとおもいました 。,サービス・設備,商品知識,"['アプリ', 'アップデート', 'クーポン', 'レジ', '店員', '対応']"
駐輪場が狭い 。,サービス・設備,駐車場,"['駐輪場', '狭い']"
会計レジの方、とても丁寧で好感が持てた 。,サービス・設備,接客態度,"['会計レジ', '丁寧', '好感']"
凄く良いお店でした また行きたいです 。,サービス・設備,接客態度,"['良い', 'お店', '行きたい']"
とっても良い対応ありがとうございます。,サービス・設備,接客態度,"['対応', 'ありがとうございます']"
豆乳を安くしてほしいです 。,商品,デイリー,"['豆乳', '安く']"
従業員の対応が親切でとても良かったです 。,サービス・設備,接客態度,"['従業員', '対応', '親切']"
豚アレルギーの為　ターキーのハムやウインナーを取り扱ってくれたら嬉しいです。,商品,デイリー,"['豚アレルギー', 'ターキー', 'ハム', 'ウインナー']"
レジの、店員さんの手際がよかった 忙しいでしょうに、笑顔で対応してもらいました ただ、売り場の店員さんがレジの方に比べると、寂しい感じだった 。,サービス・設備,接客態度,"['レジ', '店員さん', '手際', '笑顔', '対応', '売り場', '寂しい感じ']"
従業員の方、親切にして頂いてますよ！案内もして頂いてます 。,サービス・設備,接客態度,"['従業員', '親切', '案内']"
このくじ当選した事が無いのですが、当たる人いるんですか？とても素朴な疑問です 。,サービス・設備,その他サービス,"['くじ', '当選', '素朴な疑問']"
プレチケの使い方を教えてくれた 。,サービス・設備,商品知識,"['プレチケ', '使い方']"
シェイバーの替え刃を安くしてほしい！。,商品,理美容家電,"['シェイバー', '替え刃', '安く']"
ポリ袋のところに　スポンジがなく食品を買うことが多いので　困ります 。,商品,商品在庫,"['ポリ袋', 'スポンジ', '食品', '困ります']"
カップラーメンを安くしてほしい 。,商品,デイリー,"['カップラーメン', '安く']"
買い物かごを荷物台迄運んていたレジの人がいて親切だなと思った。,サービス・設備,接客態度,"['買い物かご', '荷物台', '運ぶ', 'レジ', '親切']"
アスパラガスの商品を買いに行ったが見当たらなかったです 。,商品,商品在庫,['アスパラガス']
混んでいるレジに誘導するスタッフがレジを手伝っていたのがよかったです スタッフが機能的に連携していました 。,サービス・設備,レジ処理の速度,"['混んでいる', 'レジ', '誘導', 'スタッフ', '連携']"
レジの方、丁寧な対応で、買い物に来てよかったと思いました。,サービス・設備,接客態度,"['レジ', '丁寧な対応', '買い物']"
マシュマロがありませんでした 。,商品,デイリー,['マシュマロ']
お目当てのシャケフレークが売り切れでなかったテレビで出てた商品なので多めに用意してほしい。,商品,デイリー,"['シャケフレーク', '売り切れ', 'テレビ']"
・豆腐干を仕入れて欲しい ・ドンキのカナダ産の豚肉の脂の甘味が大好きです  私は同じカナダ産でも、深江橋のドンキのカナダ産の豚肉が好きです 産地を変えないで欲しい 。,商品,フード＆ドリンク,"['豆腐干', 'ドンキ', 'カナダ産', '豚肉', '脂の甘味', '深江橋']"
駐車場が凸凹していてカートがおしずらい。,サービス・設備,駐車場,"['凸凹', 'カート', 'おしずらい']"
 前回も書かせて頂きましたが、従業員さんの対応はいつも丁寧なので、安心して買い物ができます 有り難うこざいます 。,サービス・設備,接客態度,"['従業員', '対応', '丁寧', '安心', '買い物']"
保湿剤とかが置いてある通路のド真ん中に店員さんが荷物を置いていて通れなかった(茶髪でウエーブのかかった髪の毛のおばさん、その人だけ毎回挨拶しない、一度商品を貰おうとして声をかけたら「今、むり！」と断られた)。,サービス・設備,接客態度,"['保湿剤', '通路', '店員さん', '荷物', '通れない', '茶髪', 'ウエーブ', '髪の毛', 'おばさん', '挨拶', '商品', '声をかける', '断られる']"
レジ担当者すこぶる無愛想だった こういう人はココで珍しいですね…バイトという印象ではなかったが喋り方もブッキラボウで丁寧さに欠けていたし品物の扱いも雑だった。,サービス・設備,接客態度,"['レジ担当者', '無愛想', '喋り方', '丁寧さ', '品物の扱い']"
カロリーメイトのブロックタイプはドラックストアより値段が高いです。,商品,デイリー,"['カロリーメイト', 'ブロックタイプ', 'ドラックストア', '値段', '高い']"
レジが混んでいる時間帯でも快く対応してくださる店員さん方にいつも感謝しております 。,サービス・設備,接客態度,"['レジ', '混んでいる', '時間帯', '快く対応', '感謝']"
ご当地の果物、野菜を充実させて欲しい。,商品,ベジタブル・フルーツ,"['ご当地', '果物', '野菜']"
試着室を用意してほしいです 。,サービス・設備,その他設備,['試着室']
子供用マスクの在庫が少なかったので、常に置いてあると良いと思う 。,商品,ホームグッズ,"['子供用マスク', '在庫', '少ない', '置いてある']"
Wさんの対応は、挨拶・笑顔・案内・確認・振る舞いは申し分ありません 若いと思いますが、しっかりとされてます 。,サービス・設備,接客態度,"['挨拶', '笑顔', '案内', '確認', '振る舞い', '若い']"
水木クーポンの出し方が分かりづらい。,サービス・設備,割引サービス,"['クーポン', '出し方', '分かりづらい']"
目線を合わさないのは色々な理由があるにしろ物の扱いが雑すぎます、因みに女性の方です 。,サービス・設備,接客態度,"['目線', '合わさない', '物の扱い', '雑', '女性']"
ジャスミンティーのペットをケースで買いたいが箱入りがない時が多いのでバラで買っているケースでの在庫を置いてほしい。,商品,フード＆ドリンク,"['ジャスミンティー', 'ペット', 'ケース', '箱入り', 'バラ', '在庫']"
何度もアンケートに書いてますが、トイレットペーパーのシングルを置いて欲しいです。,商品,デイリー,"['トイレットペーパー', 'シングル']"
ボディークリーム等の保湿系の商品が高いので、安価な商品も取り扱ってほしいです。,商品,ヘルスケア,"['ボディークリーム', '保湿', '高い', '安価']"
カット野菜キャベツ安くしてくださいね。,商品,デイリー,"['カット野菜', 'キャベツ', '安く']"
冷凍食品の日清台湾混ぜそばがなくなったので、仕入れ復活させて欲しいです。,商品,デイリー,"['冷凍食品', '日清台湾混ぜそば']"
アプリのクーポンについても、丁寧に教えてくださいました 。,サービス・設備,商品知識,"['アプリ', 'クーポン', '教えて']"
新人さんだったので、特にないです これから頑張っていい接客してください 。,サービス・設備,接客態度,"['新人', '頑張って', '接客']"
Tさん今日も気持ちの良い挨拶ありがとうございました。,サービス・設備,接客態度,"['挨拶', '気持ちの良い']"
売り場が広いので、ゆっくり買い物できました 初めて行ったお店だったので、商品探すのちょっと大変でした 。,サービス・設備,店内レイアウト,"['売り場', '広い', 'ゆっくり', '買い物']"
レジすこし待った 。,サービス・設備,レジ処理の速度,['待った']
衣料品に特化した店にして欲しいです ゲｰムとかは、要らない 年配の人ように種類を増やして欲しいです 。,商品,ファッション＆カバン,"['衣料品', '年配の人']"
親切でした。,サービス・設備,接客態度,['親切']
豆腐、納豆安くしてほしいです。,商品,デイリー,"['豆腐', '納豆']"
伊藤園のペットボトルで、からだいいこと黒豆茶500mlを安くいれてほしいですすごく香りが良くて美味しいです近郊で文具の事務キチで74円くらい？でありました。,商品,デイリーグッズ,"['伊藤園', 'ペットボトル', 'からだいいこと黒豆茶', '500ml', '安く', '香り', '美味しい', '近郊', '文具', '事務キチ', '74円']"
R1　いつも利用してます 手頃な値段で買えて助かってます 。,商品,デイリー,"['利用', '手頃な値段', '買えて', '助かってます']"
空いているレジの方は、混んでいるレジに並んでいるお客様を誘導するともっと流れると思います。,サービス・設備,レジ処理の速度,"['空いているレジ', '混んでいるレジ', 'お客様', '誘導']"
マヨネーズを安くしてほしい 。,商品,デイリー,"['マヨネーズ', '安く']"
案内図が欲しい。,サービス・設備,店内レイアウト,['案内図']
同じ種類のものはなるべく1箇所にまとめて陳列お願いします 。,商品,商品陳列,"['まとめて', '陳列']"
９時一番だと空いてていいけど商品の陳列であわただしい。,サービス・設備,商品陳列,"['空いてる', '陳列']"
北海道商品を増やして欲しい。,商品,商品在庫,"['北海道', '商品', '増やす']"
こんなもんでしょう 。,商品,商品知識,['もん']
レジが並んでるにかなり。,サービス・設備,レジ処理の速度,['並んでる']
いつも頑張ってカート回収してくれています 。,サービス・設備,接客態度,"['頑張って', 'カート回収']"
欲しいと思っていた車のワックスがクーポン対象になっていて嬉しかったです 商品の前で悩んでいたら店員さんが声をかけてくださって、クーポンを使うことができました 親切な対応に感謝です 。,商品,カーライフ,"['車', 'ワックス', 'クーポン', '店員', '親切']"
モヤシとリプトンのミルクティーを安くして欲しいです 。,商品,デイリー,"['モヤシ', 'リプトン', 'ミルクティー', '安く']"
対応はとても良かったです!。,サービス・設備,接客態度,"['対応', '良かった']"
レジでの対応が悪い事がある 袋をお願いしますって伝えても返事をしてもらえない！外国の方の方が優しくて丁寧です 。,サービス・設備,接客態度,"['対応', '袋', '外国の方', '優しく', '丁寧']"
キャットフードをもう少しお安くしてもらいたいです 。,商品,ペット＆ガーデン,"['キャットフード', 'お安く']"
とっても良い従業員が親切でした。,サービス・設備,接客態度,"['従業員', '親切']"
レジリーダー感じが良い。,サービス・設備,接客態度,"['レジリーダー', '感じが良い']"
店内は、品出し時間だと、荷物で通路が通れない事が良くありますが、床やカゴ、カートの整頓は、いつもきれいです が、あまり売れていない商品には埃がゴッソリでした 仕方ないと思いますが、埃がっ…とは内心思ってしまいます 。,サービス・設備,店内の清潔度,"['品出し時間', '通路', '床', 'カゴ', 'カート', '整頓', '売れていない商品', '埃']"
誰も親切丁寧です。,サービス・設備,接客態度,"['親切', '丁寧']"
財布を忘れてしまいすぐ取りに伺いました 声をかけたスタッフさんも財布を持ってきて頂いたスタッフさんも丁寧に優しく対応して下さいました ありがとうございました また買い物に行きます 。,サービス・設備,接客態度,"['財布', '取りに伺い', '声をかけたスタッフ', '財布を持ってきて頂いたスタッフ', '丁寧', '優しく対応', 'ありがとうございました', '買い物']"
メガネ類（サングラス等）は、多く出品していますが、一方、メガネケースは、1種類かつ色も1色しかありませんでした もう少し、種類を多く（最低、色だけでも）取り扱ってほしいと思います 。,商品,ホームグッズ,"['メガネ', 'サングラス', 'メガネケース', '種類', '色']"
当日賞味期限の格安販売がうれしいです！。,商品,割引サービス,"['当日賞味期限', '格安販売', 'うれしい']"
ガリガリ君を複数購入したときレジを通したら袋の中で商品が割れているのに気がついたスタッフの方が新しい商品とその場ですぐ交換してくれたおかげで助かりました。,商品,デイリー,"['ガリガリ君', 'レジ', '袋', '割れる', '交換']"
ドンペイシールが欲しくて入店したんですが貰い方を知らず教えていただきゲットできました 人気商品のクーポンも定期的に出してほしいです 。,サービス・設備,商品在庫,"['ドンペイシール', '欲しい', '入店', '貰い方', '人気商品', 'クーポン']"
カクテキキムチ100円で、販売して欲しい‼️。,サービス・設備,フード＆ドリンク,"['従業員', '対応', '女性', 'カクテキキムチ', '100円', '販売']"
カゴにセットするタイプの買い物バックにレジの際商品を入れて欲しい他のスーパーやドラッグストアではしてくれるお店があってレジが終わってそのまま帰れるからとても助かります。,サービス・設備,その他サービス,"['買い物バック', 'レジ', 'スーパー', 'ドラッグストア']"
以前の商品などの配置が良かった！今迷路みたいで疲れる一方通行にしたのか？？。,サービス・設備,店内レイアウト,"['配置', '迷路', '疲れる', '一方通行']"
クーポンを所有していたのに商品がなかった店員さんの対応イマイチでした、。,サービス・設備,割引サービス,"['クーポン', '商品', '店員', '対応']"
通路を広く。,サービス・設備,店内レイアウト,"['通路', '広く']"
週末のレジの稼働台数を増やして欲しい 。,サービス・設備,レジ処理の速度,"['週末', 'レジ', '稼働台数', '増やす']"
いつも良いお店と思います 今後もよろしくお願いします 。,サービス・設備,接客態度,"['良い', 'お店', '今後', 'よろしくお願いします']"
マーガリンが値上がっていました ショック‼️。,商品,デイリー,"['マーガリン', '値上がり']"
とても親切な対応に感謝致しました 良い買い物が出来ました 。,サービス・設備,接客態度,"['親切', '対応', '感謝', '買い物']"
カートの返却場所が増えるといいなと思います 。,サービス・設備,店内レイアウト,"['カート', '返却場所', '増える']"
通りかかった店員さんに、秋のハッピーお宝くじの当選番号の掲示場所を聞いたら、優しく案内してくれた 。,サービス・設備,接客態度,"['秋のハッピーお宝くじ', '当選番号', '掲示場所', '優しく案内']"
仕事が早いベテランの店員さんのレジを選びがちです スマホから会員コードの読み取りにはコツがいるようで、慣れてない店員さんはかなり時間がかかる時があります 「金券や電子マネーのご使用はないですか？」の質問に毎回答えるのは面倒なので正直無くしてほしいです 。,サービス・設備,レジ処理の速度,"['仕事が早い', 'ベテラン', '店員さん', 'レジ', 'スマホ', '会員コード', '読み取り', '慣れてない', '時間がかかる', '金券', '電子マネー', '面倒']"
いつも利用させてもらっています 店員さんの対応はいつも良くして貰っております 今は物価高で大変だけどドンキさんにはいつも助かっております これからもよろしくお願いします 。,サービス・設備,接客態度,"['利用', '店員さん', '対応', '助かっている']"
素敵な笑顔に癒されました。,サービス・設備,接客態度,"['笑顔', '癒される']"
説明しづらいです 。,サービス・設備,接客態度,"['説明', 'しづらい']"
2.2ミリの太麺パスタを入れて下さい 。,商品,デイリーグッズ,['太麺パスタ']
クーポンの商品が何処にあるか分からず店員さんに尋ねると探しに行ってなかなか戻って来ず他の店員さんを連れて来て探し回りやっと見つかると、店員さん同士が、「何処にあるか分かりにくいわ」と話していました 店員さん達がそんな事を言うのだから私達が分からないのは頷ける 店員さんに何処に何があるか分かっていて欲しい。,サービス・設備,商品在庫,"['クーポン', '商品', '店員さん']"
サービスカウンターの方の対応が親切丁寧で良かった。,サービス・設備,接客態度,"['サービスカウンター', '対応', '親切', '丁寧']"
夕方６時、でもレジ3ヵ所 長蛇の列でもレジ増えない！アイスなんてとても買えない‼️。,サービス・設備,レジ処理の速度,"['夕方', '６時', 'レジ', '列', '増えない', 'アイス', '買えない']"
売り場の箱が空の物が目立つ 空の段ボール置いとく位なら場所縮小すればいいのに 広く歩ける方がいい。,サービス・設備,店内レイアウト,"['売り場', '箱', '空', '目立つ', '段ボール', '場所縮小', '広く歩ける']"
愛想の良い店員さんが多いので気持ちよく買い物できてます 。,サービス・設備,接客態度,"['愛想の良い', '店員さん', '気持ちよく', '買い物']"
また値札とレジの金額が違いました 。,サービス・設備,商品価格,"['値札', 'レジ', '金額', '違い']"
ドンペンお誕生日おめでとうございます！ふなっしー ソニック 丸山桂里奈さん 等からのおめでとうコメント動画を店頭で見れたので、うれしかったです 。,サービス・設備,その他設備,"['ドンペン', 'お誕生日', 'おめでとう', 'ふなっしー', 'ソニック', '丸山桂里奈']"
相変わらず、通路に商品のコンテナがあって邪魔なんですよね 。,サービス・設備,店内レイアウト,"['通路', '商品', 'コンテナ', '邪魔']"
猫のエサがもう少し安いと嬉しい 。,商品,ペット＆ガーデン,"['猫', 'エサ', '安い']"
犬の洋服の種類がもう少しあったらいいなと思います 。,商品,ペット＆ガーデン,"['犬', '洋服']"
会計の列が少し動線悪かったです 。,サービス・設備,店内レイアウト,"['会計', '列', '動線']"
対応よかったです 。,サービス・設備,接客態度,"['対応', 'よかった']"
フルタのカカオ71%ビターショコラを取り扱いしてほしい 。,商品,デイリーグッズ,"['フルタ', 'カカオ71%', 'ビターショコラ']"
レジの方が親切でした。,サービス・設備,接客態度,"['レジ', '親切']"
ドンキ伊勢店のレジの店員さんは対応がすごくいいです 。,サービス・設備,接客態度,"['ドンキ伊勢店', 'レジ', '店員さん', '対応', 'いい']"
ベビーカーでエレベーターに乗る時、いつもお店の方が対応してくださって素晴らしい！。,サービス・設備,接客態度,"['ベビーカー', 'エレベーター', '対応']"
レジの時にちょっとてまどいましたが聞いたらすぐ対応してくれました 。,サービス・設備,接客態度,"['レジ', '対応']"
 納豆や漬物を安くして欲しい！。,商品,デイリー,"['納豆', '漬物', '安く']"
お名前はわかりませんが、レジの方の対応が感じ良かったです！。,サービス・設備,接客態度,"['レジ', '対応', '感じ良かった']"
スタッフ皆さまに親切に対応して頂いております 。,サービス・設備,接客態度,"['親切', '対応']"
店員の対応がよかったです　また来ます。,サービス・設備,接客態度,"['対応', 'よかった', 'また来ます']"
いつもはクーポンの発券機のところにラインクーポンの商品の紹介が掲示してあるのに今日はなかったので、柿の種を見過ごすところだった。,サービス・設備,割引サービス,"['クーポン', '発券機', 'ラインクーポン', '商品', '紹介', '柿の種']"
本日の朝の職員さんは、陳列しながらでも皆さん挨拶して下さって気持ち良かったです 。,サービス・設備,接客態度,"['職員', '挨拶', '気持ち良い']"
朝の混雑の中　的確に精算をして頂き　よかったです。,サービス・設備,レジ処理の速度,"['朝', '混雑', '的確', '精算']"
またボディメンテを入荷してほしい！箱買いします！。,商品,フード＆ドリンク,"['ボディメンテ', '入荷', '箱買い']"
レジのおばさんが対応よかった。,サービス・設備,接客態度,"['レジ', 'おばさん', '対応', 'よかった']"
食料品の品出し中だったのでいつも以上に通路がとおりにくかった 冷凍庫が故障中みたいでクーポンの品が陳列されてなかった 。,商品,店内レイアウト,"['食料品', '品出し', '通路', '冷凍庫', '故障', 'クーポン']"
　今回時間なくて確認できませんでしたが野菜を4個で〇〇円のレジがよく間違ってます 今回も確認しながら4個購入したと思ったのにはじかれていて確認したかったのですが何円だけなので時間なくやめました 以前にも2回ほどありそのうち1回は100円以上違っていました この半年くらいでもし、今回もでしたら3回目です 注意して下さい。,サービス・設備,商品価格,"['野菜', 'レジ', '間違い', '確認', '時間']"
カードを落として電話も店頭でも対応が良くて気持ち良かったです。,サービス・設備,接客態度,"['カードを落とす', '電話', '対応', '気持ち良い']"
レジのZさんの対応が良く、大変満足しています 。,サービス・設備,接客態度,"['レジ', 'Zさん', '対応', '満足']"
レジの方の対応がとても良かったです 。,サービス・設備,接客態度,"['レジ', '対応', '良かった']"
迷路過ぎて迷う。,サービス・設備,店内レイアウト,"['迷路', '迷う']"
たまに値段のわからない商品があります 。,商品,商品価格,"['値段', 'わからない']"
男性従業員さんが研修中だったので、仕方ないのですが、分からない事だらけで、ベテランに聞きながらだったので、レジがかなり混雑していました 。,サービス・設備,レジ処理の速度,"['男性従業員', '研修中', '分からない', 'ベテラン', 'レジ', '混雑']"
売り場で聞きたいことがあっても、店員さんがなかなか見当たらない (レジの方は忙しそうで聞きにくいし、サービスカウンターまでは行きたくない)。,サービス・設備,接客態度,"['売り場', '店員', '聞きたいこと']"
ペットボトル飲料を安くしてほしい 他店をあげて申し訳ないですが、カネスエはアクエリアス→５８円です 。,商品,デイリー,"['ペットボトル飲料', '安く']"
いつも安くて助かります。,サービス・設備,商品価格,"['安く', '助かる']"
通路に空のカゴ台車が並んで置きっぱなしで棚の商品が見られない 何度10回も送っているがまったく改善される気配もない 買い物ができない 。,サービス・設備,商品陳列,"['通路', 'カゴ台車', '棚', '商品', '見られない', '改善', '買い物']"
昨今、値上げ、値上げで、大変、これはドンキホーテが絶対、徳と云う物をピーアールして欲しい、勝手乍 。,サービス・設備,商品知識,"['値上げ', '大変', 'ドンキホーテ', '徳', 'ピーアール']"
アップデートしたマジカアプリ、クーポンのカテゴリがなくなった気がしますが見落としでしょうか？探しづらい感じがします 。,サービス・設備,割引サービス,"['マジカアプリ', 'クーポン', 'カテゴリ', '見落とし', '探し']"
以前指摘したのですが、クーポンは入手できても、対象の品物の在庫がまたありませんでした 本当に売る気はあるのでしょうか？在庫管理のずさんさが目立ちます 。,サービス・設備,商品在庫,"['クーポン', '在庫', '売る気']"
いつもありがとうございます 食品の位置が変更になったようで、お疲れ様でした いつもクーポン利用で購入しているお菓子が移動しており、メイン通路とお菓子コーナーを探しましたが見つからなかったです（ ;  ; ）しかし、お会計後に別の通路のところに移動してあるのを見つけて…少し悩ましかったです 。,商品,商品陳列,"['食品', '位置', '変更', 'クーポン', 'お菓子', 'メイン通路', 'お菓子コーナー', 'お会計', '通路']"
このご時世値上がりは仕方ないけど値上げしておいて安値維持とか書かないでほしい。,商品,商品知識,"['値上げ', '安値維持']"
これからもワクワクドキドキする商品や品揃え さらにそれを探す、まるで探検するかのような買い物ができる店舗づくりをお願いします！。,商品,商品陳列,"['ワクワク', 'ドキドキ', '探検', '買い物']"
チョコレート菓子が安くて助かってます！チョコレートが無い人生なんて考えられないので 。,商品,菓子・珍味,"['チョコレート', '安い']"
レジが遅いうえに態度がわるい。,サービス・設備,レジ処理の速度,"['遅い', '態度', 'わるい']"
クーポン発券機の所在がわかりにくかった。,サービス・設備,店内レイアウト,"['クーポン発券機', '所在', 'わかりにくい']"
野菜を置いて欲しい。,商品,ベジタブル・フルーツ,['野菜']
今日もいいお買い物ができましたこれからも、良い品！を安く！でよろしくお願いします。,商品,商品知識,"['お買い物', '良い品', '安く']"
定員さんの対応は良いです しかしながら、キラキラシールプレゼントを得る為に、別のサービスカウンターまで移動するのは難儀な事 更に氏名まで記載され、簡易にして欲しい 知っていれば、モラわかなったです 会計時に、素早く受け取れる様にした方が良いと思いました また、フードコートが無くなり、レジの位置が移動してましたが、レジと買い物した商品を置く場所の空間が狭く、他の買い物客とぶつかりそうな距離 改善した方が移動し易く、お客さまの為になると感じました 。,サービス・設備,接客態度,"['定員さん', '対応', 'キラキラシールプレゼント', 'サービスカウンター', '移動', '氏名', '簡易', 'モラわか', '会計時', '受け取る', 'フードコート', 'レジ', '買い物', '空間', '改善', '移動', 'お客さま']"
今日も、皆さん感じ良かったです 。,サービス・設備,接客態度,['感じ良かった']
いつも親切丁寧です!日本人以外の方も、もう少し愛想が良ければもっと良いと思います 。,サービス・設備,接客態度,"['親切', '丁寧', '日本人', '愛想']"
間違えて買い物をしてしまい、返品の際、サービスカウンターの方が親切に対応して下さり、ありがとうございました 。,サービス・設備,接客態度,"['返品', '親切']"
て早くていい。,サービス・設備,レジ処理の速度,"['早い', '速い', 'スピーディー']"
矢作のドンキ最高。,サービス・設備,接客態度,"['矢作', 'ドンキ', '最高']"
クーポン商品の配送が遅れており、また足を運ばなくてはならないのが近いところではない為に、手間でした 。,商品,商品在庫,"['クーポン', '配送', '遅れ', '足を運ぶ', '手間']"
レジの接客は大変しっかりされてまして、気持ちよかったですよ 。,サービス・設備,接客態度,"['レジ', '接客', 'しっかり', '気持ちよかった']"
急にレジが混みだしても、直ぐに別のレジに人が入ってテキパキ会計を笑顔で進めてくださったので待たされている感覚はありませんでした。,サービス・設備,レジ処理の速度,"['レジ', '混み', '別のレジ', '会計', '笑顔']"
商品の豊富さ感激。,商品,商品陳列,"['豊富さ', '感激']"
黒マー油を置いて欲しいです 。,商品,ホームグッズ,['黒マー油']
レジで対応して頂いた時、精算をしていた方とは別の店員さんが精算していた方に話しかけ、無言でレシートを渡されました レジも混雑しており、確認しなきゃならないことがあったのかもしれませんが、何も言わずにレシートを渡されそのまま対応を終えられたのは不快に感じました 。,サービス・設備,接客態度,"['レジ', '対応', '精算', '店員', 'レシート', '不快']"
クーポン商品の表示が、以前より分かりやすくなった気がする 。,商品,商品陳列,"['クーポン', '表示', '分かりやすい']"
POPがカートに当たって邪魔 POPを商品でおさえているから商品取るとPOPが落ちる 。,商品,商品陳列,"['POP', 'カート', '邪魔', '商品', '取る', '落ちる']"
朝一は品出し中が多く、カートが通りにくい通路が多い客に気を使わせたらおしまいでは？。,サービス・設備,商品陳列,"['品出し中', 'カート', '通路']"
お酒類が安いので、よく利用させてもらっています お酒の値段安いまま提供して下さるととても助かります！！。,サービス・設備,リカー＆ワイン,"['対応', '気持ちがいい', 'お酒', '安い', '利用']"
ギフト券が使えるか尋ねたら丁寧に、対応してくれましたよ 。,サービス・設備,接客態度,"['ギフト券', '使える']"
中洲川端店のレジのかたは、親切丁寧！！。,サービス・設備,接客態度,"['中洲川端店', 'レジ', '親切', '丁寧']"
レジがたくさんあるのは良いのですが並んだ列によっては、前の方の商品数やレジの方のさばき具合などばらつきがあるので、フォーク並びがいいと思います。,サービス・設備,レジ処理の速度,"['並び', '商品数', 'さばき具合', 'フォーク並び']"
皆んな優しい 。,サービス・設備,接客態度,['優しい']
ブラブラ買物するには商品の陳列が独特で楽しめます。,サービス・設備,商品陳列,"['買物', '商品', '陳列']"
子どもを抱いてたらレジの店員の男性がとても親切にカゴを運んでくれたり笑顔で対応してくれました。,サービス・設備,接客態度,"['子ども', 'レジ', '店員', '男性', '親切', '笑顔']"
サービスカウンターのスタッフさんの対応が素晴らしい。,サービス・設備,接客態度,"['サービスカウンター', 'スタッフ', '対応', '素晴らしい']"
忙しそうでしたがテキパキしてました、。,サービス・設備,接客態度,"['忙しい', 'テキパキ']"
店員さんの対応がよかった。,サービス・設備,接客態度,[]
駐車場で高齢者の母をのせていたら、掃除の方がとおりかかって、空いたカゴを持っていってくださいました すごく助かりました。,サービス・設備,駐車場,"['高齢者', '母', '掃除', 'カゴ']"
優しく対応して頂きました！子供がいたので。,サービス・設備,接客態度,"['優しく', '対応', '子供']"
ルートビアがあれば毎日買います。,商品,デイリー,"['ルートビア', '毎日', '買います']"
PBのペットシートの値上げ巾が大き過ぎ 他店の方が安くなってます 見直ししてもらえないですか？。,商品,ペット＆ガーデン,"['PB', 'ペットシート', '値上げ', '他店', '安い']"
開店直後か、21:00過ぎでもないとレジで相当並ぶ レジ自体は10台以上あるよう 開放してるのは半分強 安いがゆえにみんな大量買い 近くのスーパー、セルフレジ6台、有人レジ2台 客数、購入量からしたらもっとレジ開放したほうがいいと思う 。,サービス・設備,レジ処理の速度,"['開店直後', '21:00過ぎ', 'レジ', '相当並ぶ', '10台以上', '半分強', '安い', '大量買い', '近くのスーパー', 'セルフレジ6台', '有人レジ2台', '客数', '購入量', 'レジ開放']"
コカコーラの本数を増やして欲しい 。,商品,デイリー,"['コカコーラ', '本数', '増やす']"
コード決済ができるようにして欲しい(楽天ペイ、PayPayなど…)。,サービス・設備,商品在庫,"['コード決済', '楽天ペイ', 'PayPay']"
日用品、食品のクーポンを増やして欲しい 。,商品,割引サービス,"['クーポン', '増やす']"
酒類を安くして下さい。,商品,リカー＆ワイン,['安く']
初めて三方原店に行ってみました食品売り場の商品が少なかったので残念でした 。,商品,商品在庫,"['三方原店', '食品売り場', '商品', '少なかった', '残念']"
レジが2人体制だったので、とてもスムーズに終わりました 。,サービス・設備,レジ処理の速度,"['レジ', '2人体制', 'スムーズ']"
最近、レジの方の対応がとても良く感じます 。,サービス・設備,接客態度,"['レジ', '対応', '良い']"
従業員のSさんの笑顔応対等が良かった 気配りもできていました 質問にも、いつも答えていただき、ありがとうございます 。,サービス・設備,接客態度,"['従業員', 'Sさん', '笑顔応対', '気配り', '質問']"
カードを出すのを忘れてしまったのですが、感じ良くすぐに対応してくださり、ありがとうございました。,サービス・設備,接客態度,"['カード', '忘れ', '感じ良い', '対応']"
また広告の品の豚肉がなかった納豆もないしモッツァレラチーズもなかった最近のドンキはどうなってるんですか他の安い店に変えたほうがいいのかしらと思う。,商品,商品在庫,"['広告', '豚肉', '納豆', 'モッツァレラチーズ', 'ドンキ', '安い店']"
レジ担当の方の対応が良かったです カートを使っていると狭くて通れない場所があるので、もう少し改善して頂けると助かります 。,サービス・設備,レジ処理の速度,"['レジ担当', '対応', 'カート', '狭い', '改善']"
久しぶりの八丁堀店でしたが楽しかったです。,サービス・設備,店内レイアウト,"['八丁堀店', '楽しかった']"
品揃えが良い。,商品,商品陳列,['品揃え']
ドン・キはあまりにも同じミスが頻繁に起きすぎる!売り場での価格がレジに反映されていない事が20回位もあった こんな頻度は他の店では考えられない！。,サービス・設備,レジ処理の速度,"['ドン・キ', '同じミス', '頻繁', '価格', 'レジ', '反映']"
いつもレジにお客さんが並んでる 時間帯を考慮してレジを開放して欲しい またアイスクリームが解けてることが多い 隣のレジでしたが、4つも交換してました 扉付きの冷凍庫に変えては？。,サービス・設備,レジ処理の速度,"['レジ', 'お客さん', '時間帯', '開放', 'アイスクリーム', '解けてる', '冷凍庫']"
全体的に物価が高すぎる 韓国シャンプー安くして欲しい。,商品,ヘルスケア,"['物価', '高すぎる', '韓国シャンプー']"
会計時にSSさんがLINEのお友達登録を勧めて下さりスマホの登録の方法も丁寧に教えてくれました ありがとうございました 。,サービス・設備,接客態度,"['会計時', 'SSさん', 'LINEのお友達登録', 'スマホの登録', '丁寧に教えてくれました']"
天然水のお水が地下なので、1階にも置いてほしいですね お水が1階にないのは不思議です 。,サービス・設備,商品在庫,"['天然水', 'お水', '地下', '1階']"
栃尾の油揚げ置いて欲しいタレなし納豆も置いて欲しい。,商品,デイリーグッズ,"['油揚げ', 'タレなし納豆']"
エレベーター内の音楽のボリュームをもう少し下げてほしい。,サービス・設備,音響設備,"['エレベーター', '音楽', 'ボリューム', '下げる']"
レジの人はいつも親切です。,サービス・設備,接客態度,"['レジ', '人', '親切']"
今日のレジの店員さん感じ良かったですょ。,サービス・設備,接客態度,"['レジ', '店員さん', '感じ', '良かった']"
ソーセージやベーコンとかのクーポンを増やしてほしいです 。,商品,割引サービス,"['ソーセージ', 'ベーコン', 'クーポン']"
Eさんって方めっちゃ遅かった… 二つレジ空いてて私よりも後ろの人の方が会計終わるの早かった 生活用品、一つづつこれはこれは丁寧にちっちゃい袋に入れてくださりめちゃくちゃイライラしました 前も当たって最悪でした 。,サービス・設備,レジ処理の速度,"['Eさん', '遅い', 'レジ', '空いてる', '会計', '終わる', '生活用品', '袋', 'イライラ', '前', '当たる', '最悪']"
レジが混んでいると、数を増やしてくれるので助かります。,サービス・設備,レジ処理の速度,"['混んでいる', '数を増やしてくれる']"
すぐに聞ける店員さんが少ない気がします 。,サービス・設備,接客態度,"['聞ける', '店員さん', '少ない']"
今のまま品数豊富でお願いします。,商品,商品在庫,"['品数', '豊富']"
サービスカウンターの女性の方がよかった。,サービス・設備,接客態度,"['サービスカウンター', '女性']"
みなさん対応は良い。,サービス・設備,接客態度,[]
きき湯を安くしてほしい。,サービス・設備,ホームグッズ,"['きき湯', '安く']"
挨拶しない従業員がいた。,サービス・設備,接客態度,"['挨拶', '従業員']"
サラダの種類が減った 困る 店員さんはみんな親切です 。,商品,商品在庫,"['サラダ', '減った']"
日清焼きそばBIGUFOを販売して下さい。,商品,デイリー,"['日清焼きそば', 'BIGUFO']"
週末でお客様がたくさんで混んでいましたが、レジ等はスムーズでした 。,サービス・設備,レジ処理の速度,"['週末', 'お客様', '混んでいました', 'スムーズ']"
サービスカウンターの人材の配置が最悪 サービスに人がいなかったので呼び出しボタンを押したがなかなか、来なかった そのあと、ギフトの包装を頼んだが、すぐに包装してもらえなかった しばらく待っていたが他のお客さんを接客していた 時間がかかる場合は、先に言って欲しい 王道キムチがなくなっていた 復活させて欲しい 。,サービス・設備,接客態度,"['サービスカウンター', '人材の配置', '呼び出しボタン', 'ギフトの包装', '待っていた', 'お客さん', '時間がかかる', '王道キムチ', '復活']"
商品が綺麗に並べられていた。,サービス・設備,商品陳列,['綺麗']
冷凍パスタの宣伝メールをいい加減にやめてほしい 目障り そんなことしなくても定期的に買っている 送る対象を間違えている 。,サービス・設備,商品知識,"['冷凍パスタ', '宣伝メール', 'やめてほしい', '目障り', '定期的に買っている', '送る対象を間違えている']"
レジの人数増やした方がいいです。,サービス・設備,レジ処理の速度,"['レジ', '人数', '増やす']"
言葉つうじない。,商品,商品知識,"['言葉', '理解']"
ドン・キホーテ宗像店は、出来たばかりでもあり、他の店舗よりも商品が見やすく分かりやすいです 宗像に出来てくれた事に、感謝しかありません これからも利用させて頂きます！。,サービス・設備,店内レイアウト,"['ドン・キホーテ', '宗像店', '商品', '見やすい', '分かりやすい', '利用']"
激辛冷麺、いつも品切れなので残念です 。,商品,デイリー,"['激辛冷麺', '品切れ', '残念']"
買い物後にカゴの返却するのに一度店内に戻る形になるのですが荷物入れてるお客さんが居ると狭くて返却がしずらいかと言って他に返却に使えそうなスペースも無さそうだから仕方ない気もする。,サービス・設備,店内レイアウト,"['カゴの返却', '荷物入れてるお客さん', '狭い', '返却スペース']"
手首を痛めているので、店員さんにカゴの移動をお願いしたら、笑顔で運んでくれ､とても感じ良かったです 。,サービス・設備,接客態度,"['手首', '痛めている', '店員さん', 'カゴの移動', '笑顔', '感じ良かった']"
買い物カゴを沢山持ってかれているのかもしれないけどカゴを持って行かないでくださいって札のカゴにされるのが不愉快エコバック持っているか聞けば良いじゃん。,サービス・設備,商品在庫,"['買い物カゴ', '持って行かないで', 'エコバック']"
スピードも良く、満足しています 。,サービス・設備,レジ処理の速度,"['スピード', '満足']"
狭くて歩きにくい。,サービス・設備,店内レイアウト,"['狭い', '歩きにくい']"
クーポンが良い 。,サービス・設備,割引サービス,['クーポン']
品数が少なくクーポンの商品がないことがある？。,商品,商品在庫,"['品数', '少ない', 'クーポン', '商品なし']"
レジが、よく混んでる。,サービス・設備,レジ処理の速度,['混んでる']
皆さん親切丁寧です。,サービス・設備,接客態度,"['親切', '丁寧']"
レジに長く並ばなくていいのがいいけど、木曜にLINEクーポンがある事を知らなかったので、LINEクーポンありますよ！とか声かけてもらえたら嬉しいのになと思いました 。,サービス・設備,割引サービス,"['レジ', '並ぶ', 'LINEクーポン', '声かけ']"
電子決済できるようにしてほしい。,サービス・設備,ホームエレクトロニクス,['電子決済']
無料の袋を入れときますと先に言ってくれた 。,サービス・設備,接客態度,"['袋', '無料']"
サービスカウンターの方の対応が早くて助かります 。,サービス・設備,接客態度,"['対応', '早い', '助かる']"
レジの人の対応が感じ良かったです！。,サービス・設備,接客態度,"['レジ', '対応', '感じ', '良かっ']"
ヤマザキのルバンロールを置いて欲しい。,商品,デイリー,"['ヤマザキ', 'ルバンロール']"
レジのSさんよかった 。,サービス・設備,接客態度,"['レジ', 'Sさん', 'よかった']"
結構並んでいたのにレジが2台しかあいてなく、お会計までに時間がかなりかかった 。,サービス・設備,レジ処理の速度,"['並ぶ', 'レジ', 'お会計', '時間']"
お寿司が安くて美味しかったです 値上がりするばかりなので色々安いと助かります 。,商品,デイリー,"['お寿司', '安い', '美味しい']"
クーポンの商品のある場所がわかりにくく　探せなかったり、似た商品があると　パッと見　どれか迷うので　分かりやすくなると　嬉しいです 。,サービス・設備,商品陳列,"['クーポン', '商品', '探す', '分かりやすい']"
ドンペンシールのクーポンを保有してレジで買い物をしたら、店員に在庫が切れましたと言われました クーポン保有した分は確保して欲しかったです とても残念でした 。,商品,欠品,"['ドンペンシール', 'クーポン', '在庫', '残念']"
表示価格が違うことがあるのが困ります 安い時もあるし高い事もあるし高い時は表示価格に下げてくれることがあります なんだか申し訳ないです 。,サービス・設備,商品価格,"['表示価格', '安い', '高い', '下げてくれる']"
商品がたくさんあって、探すのが大変‼️ただ、野菜の新鮮さがあまり無いのか、レタスは溶けかけてあったり、トマトを買いましたが、シワシワになっていたり、全部でないにしても、鮮度のよくない物は、安くして、回転を良くしないと、新しい物が陳列出来ずに、繰り返しになるのでは⁉️ドンキさんで、野菜の割引を見かけた事が無いので、悪くなったら、組替えて出してるの⁉️と、思ってしまいます。,商品,商品在庫,"['商品', '探す', '野菜', '新鮮さ', 'レタス', '溶けかけて', 'トマト', 'シワシワ', '鮮度', '安く', '回転', '陳列', '割引', '組替え']"
賞味期限ギリギリでもいいので安くして欲しい。,商品,商品在庫,"['賞味期限', '安く']"
野菜を安くしてほしいです 。,商品,ベジタブル・フルーツ,['安く']
レジの方は素早い動きで気持ち良い。,サービス・設備,レジ処理の速度,"['レジ', '素早い', '動き', '気持ち良い']"
店内にカートを置いてほしい。,サービス・設備,店内レイアウト,['カート']
飲み物売り場が狭い 。,サービス・設備,商品陳列,"['飲み物', '売り場', '狭い']"
店内外の通路が狭く、子供連れや杖をついた人は買い物籠を持って歩くのは危険だと思う 。,サービス・設備,店内レイアウト,"['通路', '狭い', '子供連れ', '杖']"
9／16夕方17時前後にお買い物をさせて頂きました 欲しい商品が安くて嬉しかったです ついでに色々と購入してレジに並んでいました 私の前に並んでた方がアンパンマンのDVDのような物を購入したところ店員さんがシールを貼る時に一言、アンパンマンのパッケージの邪魔をしない位置に貼っておきますねー！と言っていた事に驚きました 私の番になり生理用品や歯磨き粉を買ったら、無料の見えない袋があるのでそれにまとめて入れておきましょうか？と、笑顔で入れてもらいました 今まで何度も利用していますがその対応をした従業員は初めてでした 必ずそのサービスをして欲しいと言うわけではありませんが、そう言う何気ない配慮のできる従業員がいる事が嬉しく思いますし、安心して買い物ができるなぁ と率直に思いました その従業員の人にこれからもお仕事を続けてくださいね と伝えて欲しいです 。,サービス・設備,接客態度,"['お買い物', '安くて嬉しい', 'レジ', '店員さん', '配慮', '安心']"
浜の町店はクーポンの種類が少ないように思います。,サービス・設備,割引サービス,"['クーポン', '種類', '少ない']"
まだ商品の場所が慣れてなくて、何ヶ所か定員さんに尋ねました みなさん商品の場所まで丁寧に案内してくれました 自宅からは多少距離がありますが、定員さんの接客の良さ、商品の安さ、これからはこちらでお買い物します 。,サービス・設備,接客態度,"['商品の場所', '定員さん', '接客', '安さ', 'お買い物']"
既に販売してるのを見つけられなかったのかも知れませんが炭酸シャンプーを取り扱って欲しいです 。,商品,ヘルスケア,['炭酸シャンプー']
レジ袋が穴が空きやすく再利用できなくてエコじゃない。,サービス・設備,商品知識,"['レジ袋', '穴', '再利用', 'エコ']"
3ヵ所しかレジが開いてなくて何処も5人位並んでいた 少ししてから他のレジが開いたが もう少し速い対応をしてほしい 。,サービス・設備,レジ処理の速度,"['レジ', '開いてない', '並んでいた', '速い対応']"
レジの店員さんがとっても優しかったので気持ちよく買い物が出来ました ありがとうございました 。,サービス・設備,接客態度,"['レジ', '店員さん', '優しい', '買い物']"
フルグラのクーポンが以前の50円引きになると嬉しいです！。,商品,割引サービス,"['フルグラ', 'クーポン', '50円引き']"
値札が見えない商品や付いていない商品が多数あるのが不便です。,商品,商品在庫,"['値札', '見えない', '付いていない', '不便']"
書いすぎて台車で運ぶとれじーの女性が出てきて荷物を精算機の横に乗せてくれてうれしです 。,サービス・設備,レジ処理の速度,"['書いすぎ', '台車', '運ぶ', 'れじー', '女性', '荷物', '精算機', '乗せる', 'うれしい']"
駐輪場を作ってほしい。,サービス・設備,サイクル,['駐輪場']
いつも言ってるけどスタッフ対応態度悪い！。,サービス・設備,接客態度,"['スタッフ', '対応', '態度', '悪い']"
当たらなーい 。,商品,商品知識,['当たらない']
品だしの従業員さんまで、あいさつ徹底されていました 。,サービス・設備,接客態度,"['品出し', '従業員', 'あいさつ']"
駐車場にゴミやペットボトルが落ちてて、停めにくかった 。,サービス・設備,駐車場,"['ゴミ', 'ペットボトル', '停めにくい']"
見ている前にダンポールがつんであったのですが、よけてくれたので、見やすかったです 。,サービス・設備,店内レイアウト,"['ダンポール', 'つんであった', 'よけてくれた', '見やすかった']"
以前お店にあった日本製のマスクを扱ってほしい 1000円以下の商品です 。,商品,ヘルスケア,"['マスク', '日本製', '1000円以下']"
女性の店員さんは皆、対応良いです。,サービス・設備,接客態度,"['女性', '店員', '対応', '良い']"
商品を整列している従業員が通路をふさいでいて通行するのにとても邪魔です 。,サービス・設備,店内レイアウト,"['通路', '邪魔']"
買い物をしてドンペンシールを他のクーポンと同じく押してレジに行って精算したのに渡してくれなかったので言ったら、シールは、レジで言ってから押さないとダメだと言われ気が悪い それなら、クーポンと同じ所に入れないで欲しい 話し方が偉そうだったので嫌な気分 普通に言えば良いのに、、、残念。,サービス・設備,接客態度,"['ドンペンシール', 'クーポン', 'レジ', '精算', '言われ気が悪い', '話し方', '偉そう', '嫌な気分', '普通に言えば良い']"
レジの人親切で対応が良かったです。,サービス・設備,接客態度,"['レジ', '人', '親切', '対応', '良かった']"
店員さんの姿を見かけることが少なかった。,サービス・設備,接客態度,"['店員', '姿', '少ない']"
箱入りのアイスがどれもイオンやハローズより高い。,商品,デイリー,"['アイス', 'イオン', 'ハローズ', '高い']"
サプリメント を、安くして欲しい。,商品,ヘルスケア,"['サプリメント', '安く']"
対応良かった。,サービス・設備,接客態度,"['対応', '良かった']"
スニーカーの売り場が2箇所もあってうろうろしてしまいました 年配者には難しい 。,商品,シューズ,"['スニーカー', '売り場', '年配者']"
対応良きでした！。,サービス・設備,接客態度,"['対応', '良い']"
牛乳を安くしてほしいです 。,商品,デイリー,"['牛乳', '安く']"
クーポンを2個、並びで押したはずが、最初に押したクーポンが反映されず、押す前の状態に戻っていた 店員さんは値引き処理しますと言ってくれましたが、面倒なので20円引きはあきらめました 次回から、クーポン押さなくてもバーコードで自動的に値引きするようにしてください それと、店内の電波状況が悪いのが反映され無かった原因だと思います 電波状況の改善も合わせてお願い致します 。,サービス・設備,接客態度,"['クーポン', '値引き', 'バーコード', '電波状況']"
接客は良いです 。,サービス・設備,接客態度,[]
かなりレジが混雑しているのに、レジが2台しか稼働してなくて、待ち時間が長かった また、タバコの配置と番号がわかりにくい IQOSのセンティアクリアシルバーが、他のセンティアの上に置かれていて、番号をと言われても、どの番号を言っていいのかわからない 。,サービス・設備,レジ処理の速度,"['レジ', '混雑', '待ち時間', 'タバコ', '配置', '番号', 'IQOS', 'センティアクリアシルバー']"
従業員の女性(レジ)の対応が良かった。,サービス・設備,接客態度,"['従業員', '女性', 'レジ', '対応', '良かった']"
雑になりますが、買い物かごに入れる事は可能です と、店員さんが手際よく入れて下さいました 。,サービス・設備,接客態度,"['買い物かご', '入れる', '可能', '手際よく']"
クーポン獲得しても商品がない！残念。,商品,欠品,"['クーポン', '獲得', '商品', 'ない']"
品出しが追いついていなかったです。,サービス・設備,商品陳列,"['品出し', '追いついていない']"
マスク越しで聴こえづらいかもしれないけれど、「えっ？」の聞き返しは、販売員としてはどうかと思いました 9月15日15時頃で新人マークを着けていました 。,サービス・設備,接客態度,"['マスク', '聴こえづらい', 'えっ？', '聞き返し', '販売員', '新人マーク']"
レジの担当者が親切、丁寧な対応で良かった‼️。,サービス・設備,接客態度,"['親切', '丁寧']"
全対的に安いから良い!。,商品,商品価格,"['安い', '良い']"
めぐミルクのアカディを入れて欲しいです。,商品,デイリー,"['めぐミルク', 'アカディ']"
レジの最近よく見るおばさん、声が聞こえなさすぎる はきがないというか… 隣のレジの人は、ちょい若くて、レジも早くハキハキしてた 並ぶとこ間違えた 。,サービス・設備,接客態度,"['レジ', 'おばさん', '声', '聞こえない', '隣のレジ', '若い', '早い', 'ハキハキ']"
肉や魚を買ったとき、レジを通したあとビニールに入れてくれる店員さんはいなかった 最近は入れてくれる店員さんがいるので、私的には助かります 。,商品,商品在庫,"['肉', '魚', 'レジ', 'ビニール', '店員さん']"
レジの方の印象がとても良かったです 明るい方で少し待ちましたが、気持ちよくお会計も出来て満足です また来ます！。,サービス・設備,接客態度,"['レジ', '印象', '明るい', '待ち', 'お会計', '満足']"
パルムのアイスを買って、すぐに車に戻って食べようとしたら棒が抜けてドロドロだった せっかく楽しみにしていたのに残念 温度管理はどうなっているのか 。,商品,デイリー,"['パルム', 'アイス', '棒', '抜ける', 'ドロドロ', '温度管理']"
セルフレジはなかなかなれないです 。,サービス・設備,レジ処理の速度,"['セルフレジ', 'なれない']"
何度も表示価格とレジ価格が違うと言わせてもらってます 今日も違いました 情熱価格プリマハム皮なしウインナーが198円と表示されていたので購入させていただきました 今日はその場で気付けず、夜にレシート見たら定価の239円 また違ってたんだ…とショックでした 前に知らない男性がお前のとこは詐欺ばかりやないか！店長呼べと怒鳴っているのを目撃しました こんなに何度も表示価格とレジ価格が違われると本当に詐欺なんじゃないかと思ってしまいます ちゃんとレジの価格を変更してほしいです 宜しくお願い致します 店員さんの対応はいつもよいです 。,サービス・設備,商品在庫,"['表示価格', 'レジ価格', '詐欺', '店員対応']"
早朝で空いてたので良かったです 。,サービス・設備,店内の清潔度,"['早朝', '空いてた', '良かった']"
携帯アプリをすぐ反応できない新人レジも居る 画面が暗いと、文句を言われた 。,サービス・設備,レジ処理の速度,"['携帯アプリ', '反応', '新人', 'レジ', '画面', '暗い', '文句']"
オキシクリーン安くしてほしい。,商品,ホームグッズ,"['オキシクリーン', '安く']"
マジカ更新したら使いづらく、バーコード決済もシンプル過ぎて何ですかっとなった 更新しなければ良かったです。,サービス・設備,商品知識,"['マジカ', '更新', '使いづらい', 'バーコード決済']"
旅行先で、初めて入った店舗ですが、駐車場の入り方がわかりづらかった 。,サービス・設備,駐車場,"['駐車場', '入り方', 'わかりづらい']"
米を安くしてほしい。,商品,デイリー,"['米', '安く']"
名前を見なかったが！会計時の対応が感じよかった また探していた品物の場所を聞いたら、わざわざその場所まで案内してくれた スタッフの方の接遇が素晴らしいと思いました 。,サービス・設備,接客態度,"['会計時', '対応', '探していた品物', '場所', '聞いた', '案内', 'スタッフ', '接遇', '素晴らしい']"
商品の場所を聞いても言葉が分からない外国人が多い 。,サービス・設備,接客態度,"['外国人', '言葉', '分からない']"
9月15日午後3時頃、東海通店とにかくひどかった 。,サービス・設備,接客態度,"['東海通店', 'ひどい']"
丁寧な接客対応。,サービス・設備,接客態度,"['丁寧', '接客']"
学生アルバイトが黙々と仕事をしており頑張っているなと思います 。,サービス・設備,接客態度,"['学生アルバイト', '頑張っている']"
駐車場割引を他店プラスで受けられることを教えてくれた 感謝です。,サービス・設備,駐車場,"['割引', '他店プラス']"
需要と供給追いつかないのはわかるけど、できれば品切れをなくしてほしい せっかく買いに来たのにお目当ての物が品切れだと萎えます 。,商品,欠品,"['需要と供給', '品切れ', '買いに来た']"
カゴとカートの片付けしてくれるのは助かります。,サービス・設備,店内の清潔度,"['カゴ', 'カート', '片付け']"
アイス高い。,商品,デイリー,"['アイス', '高い']"
次回から従業員さんのお名前見るようにして、感じの良い方発表します 今日の方は、少々ぶっきらぼうでした 。,サービス・設備,接客態度,"['従業員', 'お名前', '感じの良い', 'ぶっきらぼう']"
クーポンが定員オーバーで使えなく、残念だった。,サービス・設備,割引サービス,"['クーポン', '定員オーバー', '使えない', '残念']"
電子マネーの取り扱いが増えるとうれしいです 。,サービス・設備,ホームエレクトロニクス,"['電子マネー', '取り扱い']"
テスターと場所と商品の場所がいつも違う！確認するのも大変なので改善して欲しい 。,サービス・設備,商品在庫,"['テスター', '場所', '商品の場所', '確認', '改善']"
すれ違う店員さんが無愛想でした 深夜で疲れが溜まっていたのでしょう、いつもお店を利用させて頂いているため、忙しくて疲れが抜けていないのだろうなと思い、大変申し訳ない気持ちになりました また利用させて頂きます 。,サービス・設備,接客態度,"['店員さん', '無愛想', '深夜', '疲れ', '利用']"
こちらの確認不足ですが…レジにて、電子マネーは使えません と言われたまではよかったが、会計後にも「IC交通系の電子マネーはご利用出来ません 」と必要以上に言われた感じがする どう思われたか分かりませんが、「申し訳ございません、その電子マネーはご利用出来ません 」だけでよくないですか 丁寧な口調な方でしたが、申し訳ございません などの言葉はなく、なんで知らないの？という感じが見て取れましたので…ちょっと残念です 。,サービス・設備,接客態度,"['確認不足', 'レジ', '電子マネー', 'IC交通系']"
2リットルのペットボトル入りの水や緑茶で1本の値段がかなり安い商品が業務スーパーさんやサンデイさんにはあるので、ドン・キホーテさんにもあるといいなと思います 。,商品,デイリー,"['2リットル', 'ペットボトル', '水', '緑茶', '安い']"
9月1日くらいですが、パルムマルチのクーポン券があったので使おうとしたら、商品が無かったので在庫は置いといてほしい それを目当てで買いに来てるのにないのは困ります 。,商品,商品在庫,"['パルムマルチ', 'クーポン券', '在庫']"
アイスの冷凍温度もう少し下げて欲しいです 買ってすぐ食べてるのにすでに溶けてて困ります 毎回です 。,商品,デイリー,"['アイス', '冷凍温度', '溶ける']"
サービスカウンターの対応が丁寧だった。,サービス・設備,接客態度,"['サービスカウンター', '対応', '丁寧']"
店内位置替えでわかりにくくなった。,サービス・設備,店内レイアウト,"['位置替え', 'わかりにくい']"
いつもチーパスの有無を聞いてくれてありがたい。,サービス・設備,接客態度,"['チーパス', '有無', '聞く']"
サムライウーマンのシリーズ増やして欲しいです 。,商品,ファッション＆カバン,"['サムライウーマン', 'シリーズ', '増やす']"
クーポン取得した商品の場所が分かり難い時があります 店員さんに聞きたくても店員さんが見つからず、クーポン利用を諦めてしまう事があります 。,サービス・設備,割引サービス,"['クーポン', '場所', '分かり難い', '店員さん', '聞きたい', '諦める']"
有料になってるので、買い物ビニル袋を少し厚いのにしてほしい 角のあるものなどでよく破けるので 。,サービス・設備,商品知識,"['有料', '買い物ビニル袋', '厚い', '角', '破ける']"
満足です 品揃えが豊富で不満はありません 。,商品,商品陳列,"['品揃え', '豊富', '満足']"
ドンキホーテの食品は大きい物が多い 。,商品,デイリー,"['ドンキホーテ', '食品', '大きい']"
会計の際、お釣りの五千円札を、千円札に両替してもらいました 。,サービス・設備,レジ処理の速度,"['会計', 'お釣り', '五千円札', '千円札', '両替']"
おいしい牛乳のクーポン復活してください！。,商品,割引サービス,"['牛乳', 'クーポン']"
朝早かったためレジに店員さんがいなかったのですが、しっかりみてくださってるから、大きな声ですぐ行きまーすと言ってもらいました 気持ち良い接客でありがたいし嬉しか。,サービス・設備,接客態度,"['朝早い', 'レジ', '店員さん', '大きな声', '気持ち良い', '接客', 'ありがたい', '嬉しい']"
一人者の為カット果物などの少量の商品を増やして欲しい できればブドウとか梨とか桃が食べたいのですが一人だとなかなか手を出せないです 。,商品,デリカ,"['カット果物', '少量', 'ブドウ', '梨', '桃']"
いつも丁寧に接客していただいている 。,サービス・設備,接客態度,"['丁寧', '接客']"
トイレが汚い店は全体が汚い トイレの換気扇見てみろ。,サービス・設備,店内の清潔度,"['トイレ', '汚い', '換気扇']"
トイレを綺麗にしてほしいです。,サービス・設備,トイレ設備,"['トイレ', '綺麗']"
レジ袋が、やぶれやすいです。,商品,商品在庫,"['レジ袋', 'やぶれやすい']"
通路が広くなり買いやすくなったレジの上に「開いてます」はわかりやすい。,サービス・設備,レジ処理の速度,"['通路', '広くなり', '買いやすくなった', 'レジ', '開いてます', 'わかりやすい']"
お肉が好きで良く購入しています 量も多いし、お値段もお得ですしとても助かりますたまに、お肉が臭い時があるので、バラツキを無くして欲しいです 。,商品,フレッシュミート,"['お肉', '購入', '量', 'お値段', '臭い', 'バラツキ']"
豆乳が入っているパック、テトラパックの回収をしてくれたら嬉しいです 資源なのに捨てられていて残念です 。,サービス・設備,商品知識,"['豆乳', 'パック', 'テトラパック', '回収', '資源']"
レジもスムーズでした。,サービス・設備,レジ処理の速度,[]
フィラのTシャツをそろそろ安くして欲しい 。,商品,ファッション＆カバン,"['フィラ', 'Tシャツ', '安く']"
レジを多く開けてほしい。,サービス・設備,レジ処理の速度,"['レジ', '開ける']"
こたにやって人、レジ業務から外してほしい 。,サービス・設備,レジ処理の速度,"['こたにやって人', 'レジ業務', '外してほしい']"
いつも気持ちの良いレジ対応に感謝しています。,サービス・設備,レジ処理の速度,"['気持ちの良い', '感謝']"
自転車なので空気入れを用意してほしい 。,サービス・設備,サイクル,['空気入れ']
キレートレモンを安くしてほしい 。,商品,デイリー,"['キレートレモン', '安く']"
カートは、いつも整理されてます レジの方も、顔確認しています。,サービス・設備,レジ処理の速度,"['カート', '整理', 'レジ', '顔確認']"
食品売場の生鮮品がもっとバリエーションがあればと思います 一人飯だと　例えば精肉は小パックでも多いくらい また、鮮魚は冷凍のみならば銀ダラやカラスカレイぜひ入れてほしい 。,商品,デイリー,"['食品売場', '生鮮品', 'バリエーション', '精肉', '小パック', '鮮魚', '冷凍', '銀ダラ', 'カラスカレイ']"
先週買った大袋の梨、傷んだものが入っていました 商品管理を徹底してください 。,商品,商品在庫,"['梨', '傷んだ', '商品管理']"
カラーコンタクトが2箱で980円などよくカラコンを買うのでとても良かったです！！従業員さんの対応が少し冷たい気がしました。,商品,ヘルスケア,"['カラーコンタクト', '買う']"
食品のレジの『K』さん（名札に書いてありました）私の顔をちゃんと見て『いつもご利用ありがとうございます』と丁寧に笑顔で挨拶してくれました とても感じの良くテキパキして商品も丁寧に扱ってくれました まだ若いのに素晴らしい対応でした 買い物して気持ちよく帰れるのって最高に気持ち良いです 又買い物に来ます 。,サービス・設備,接客態度,"['レジ', 'Kさん', '挨拶', '笑顔', '対応']"
週2~3でお弁当を作るのでおかずの冷凍食品を増やして欲しい 。,商品,デイリー,"['お弁当', 'おかず', '冷凍食品']"
以前、リッツのチーズサンドがいつも在庫切れだとアンケートに上げたら、最近はいつも購入できて嬉しいです 対応していただきありがとうございます 物価高の昨今、お買い得な商品が多いドンキに助けられています 今後も良心的な価格設定をお願いします 。,商品,商品在庫,"['リッツ', 'チーズサンド', '在庫切れ', '購入', '嬉しい', '物価高', 'お買い得', 'ドンキ', '価格設定']"
消費期限が近いものが特に安くなっていて それに出会えたらラッキー とってもお得 。,商品,デイリー,"['消費期限', '安くなっている', 'ラッキー', 'お得']"
レジの方の対応がとても良かったです 。,サービス・設備,接客態度,"['レジ', '対応', '良かった']"
花王のキッチンハイターを購入したかったのだが、ドンキホーテオリジナル商品の情熱価格のキッチンブリーチしか置かれていなかった また花王のキッチンハイターも置いて欲しい 。,商品,ホームグッズ,"['花王', 'キッチンハイター', 'ドンキホーテ', 'キッチンブリーチ']"
更新されたアプリが使いにくい 使いにく更新するってどういうこと？。,サービス・設備,商品知識,"['アプリ', '使いにくい', '更新']"
ドンキさんはどこのお店の人も優しいです 。,サービス・設備,接客態度,"['ドンキ', '優しい']"
店員さんは親切ですが商品について聞きたいことがあつてもだれもいなくて探すのに時間がかかります 店員を増やしてほしい 又野菜類が他の店に比べると値段が高いと思います 。,サービス・設備,接客態度,"['店員さん', '親切']"
店に置いてある、割引クーポン券がとれる機械ですが、夕方いくと、何もチケットがなくていつもがっかりです 枚数増やしてください 。,サービス・設備,割引サービス,"['割引クーポン券', '機械', 'チケット', '枚数増やしてください']"
訪問時の店員さんはいつもみんな親切な方ばかりです 。,サービス・設備,接客態度,['親切']
急いでいる時に探している商品が移動していると見付けにくいです 。,商品,商品陳列,"['急いでいる', '移動している', '見つけにくい']"
検査キットが欲しくてmajicaに強制的に登録させられ、折角だから、５%offのクーポン使いたくて初めてクーポン使うし定員に声かけてって書いてあったから聞いたらバーコードの画面で良いですって言われ、レシート見たら５%offはされてなくて他のクーポンは何個か使えてた クーポンの機能事態も使いにくいけど、定員の対応もめんどくさそうだし、スキャンした後のカゴに物を入れるのも雑でバッテリーに関しては、投げた？って思う入れ方で凄く不愉快でした クーポンの使用方法の改善も検討お願いします 。,サービス・設備,割引サービス,"['検査キット', '登録', 'クーポン', '定員', 'バーコード', 'レシート', 'カゴ', 'バッテリー']"
店舗によって取扱品が変わる 。,商品,商品在庫,"['取扱品', '変わる']"
皆さん、優しいですよ 。,サービス・設備,接客態度,['優しい']
変わらず。,商品,商品在庫,['変わらず']
ラーメンの麺を買いに行ったらなかったです。,商品,商品在庫,"['ラーメン', '麺', '買いに行った']"
駐車場もとても綺麗で使いやすいです！。,サービス・設備,駐車場,"['綺麗', '使いやすい']"
ビールがもうすぐ値上げするのでレジの前に置いてもらって助かります 。,商品,デイリー,"['ビール', '値上げ']"
アプリのデジタルクーポンの先着数をもっと増やして欲しいです 。,サービス・設備,割引サービス,"['デジタルクーポン', '先着数', '増やす']"
レジのAさんの対応はとても良かった 。,サービス・設備,接客態度,"['レジ', 'Aさん', '対応', '良かった']"
丸美屋の三食ふりかけを置いて欲しいです 。,商品,デイリーグッズ,"['丸美屋', '三食ふりかけ']"
欲しい商品の場所を店員さんに尋ねたら、一緒に探してくれた 見当たらなかった時に「申し訳ありません」と丁寧に対応してくれた 。,サービス・設備,接客態度,"['欲しい商品', '店員さん', '尋ねた', '一緒に探してくれた', '見当たらなかった', '申し訳ありません', '丁寧に対応']"
前のお客さんが、クーポンが使えないとか言っていて1点の買い物なのにすごく待たされた。,サービス・設備,レジ処理の速度,"['クーポン', '使えない', '待たされた']"
駐車場の警備員がクソ態度悪い,サービス・設備,駐車場,"['警備員', '態度']"
やしたてビザが食べたいです 。,商品,フード＆ドリンク,['やしたてビザ']
入り口を広くしてほしいです。,サービス・設備,店内レイアウト,"['入り口', '広く']"
特になし と言いたいところですが、気の利いたラインナップとニベアのデカ缶、またよろしくお願いします。,商品,デイリーグッズ,"['ラインナップ', 'ニベア', 'デカ缶']"
このくじ、ほんとに当たらない。,サービス・設備,その他サービス,"['くじ', '当たらない']"
初めて行きましたがいい意味で倉庫みたいな雰囲気があり、安いんだろうなという空気が出ていてまたそれを裏切らない価格だったので良かったです 。,サービス・設備,商品価格,"['倉庫', '安い', '価格']"
すれ違うのがギリギリ。,サービス・設備,駐車場,"['すれ違う', 'ギリギリ']"
お昼時間なのにレジが3ヵ所しか開いてなくて、どこも前に8人位ならんでいました！。,サービス・設備,レジ処理の速度,"['お昼時間', 'レジ', '開いてない', '前に並んでいる']"
2階のトイレの個室電気つけて下さい 暗くて一階に戻りました 。,サービス・設備,トイレ設備,"['2階', 'トイレ', '個室', '電気', '暗い']"
視力増加の眼鏡、1400円位の、計5本買ったが、質が悪くて、フレームの下が、亀裂が入って同じ場所が、壊れた 値段相応だが、もう少し値段が高くても、レンズのズレも無く、耐久性がある同じ見た目のものがあると、助かります ^_^。,商品,ホームグッズ,"['眼鏡', '視力増加', '値段', '質', 'フレーム', '亀裂', '壊れた', 'レンズ', 'ズレ', '耐久性', '見た目']"
エゴマの葉を置いて欲しいです。,商品,デイリー,"['エゴマ', '葉']"
新ゴボウを安くお願いします。,商品,デイリー,"['新ゴボウ', '安く']"
パスコのチョコパイという菓子パンを入荷して欲しいです 。,商品,菓子・珍味,"['パスコ', 'チョコパイ', '菓子パン', '入荷']"
レジの店員さんが、ニコニコしてます！。,サービス・設備,接客態度,"['レジ', '店員', 'ニコニコ']"
いつも通りの客対応でした 。,サービス・設備,接客態度,[]
気持ちよく買い物させていただいておりますが、買い物の導線、特に平和島はとても悪くなりました 迷います ドンキファンでいろんな全国各地の中でも平和島は最悪です 改善お願いします。,サービス・設備,店内レイアウト,"['買い物', '導線', '平和島', '改善']"
昼間のカラコン売り場の女性陣は本当に態度が悪過ぎます 私が会計している間も従業員の方を向いて話し続け、ありがとうございました、もなし ものを渡す時も片手 タメ口 毎回驚きます 通販だと遅かったり支払いが面倒なので仕方なく言ってますが-しかし、先日夜カラコンを買いに行ったら男性が会計をしてくれたのですが、とても丁寧でした ありがとうございました 。,サービス・設備,接客態度,"['カラコン', '売り場', '女性陣', '態度', '会計', '従業員', '通販', '遅い', '支払い', '面倒', '夜', '男性', '丁寧']"
お買い物はもちろんのこと、レジの対応もてきぱきと気持ちよく、お店に行くのが楽しいです 。,サービス・設備,接客態度,"['レジ', '対応', '気持ちよい', '楽しい']"
豆腐と牛乳がいつも安くて嬉しい PB商品の種類が増えて、嬉しいです いつも楽しみに来店しています 。,商品,デイリー,"['豆腐', '牛乳', 'PB商品', '種類', '増える', '楽しみ', '来店']"
レジの方が笑顔でとても優しく対応してくださりました ありがとうございます ボディーソープ系やヘア系が安いと嬉しいです 。,サービス・設備,接客態度,"['レジ', '笑顔', '優しく', '対応', 'ボディーソープ', 'ヘア']"
トイレ近くのサンリオコーナーがトイレ臭い、商品に臭いがつく 。,サービス・設備,店内の清潔度,"['トイレ', 'サンリオコーナー', '臭い']"
値札に（お一人様1点まで）の商品で、安く書いてあったので買って、家に帰ってレシートを見たら安くなってなかった 安くなってたから買ったのにショックだった ちゃんと値段の把握をして欲しいです 。,商品,商品在庫,"['値札', '安く', 'レシート', '値段']"
食品が充実しているのに最近気づいたので、もっと利用しようと思っています 。,商品,フード＆ドリンク,"['食品', '充実', '利用']"
レジのHさん丁寧な接客でした。,サービス・設備,接客態度,"['レジ', 'Hさん', '丁寧な']"
レシートに、買ってない商品が載っています 同じ商品を5個買いましたが3個はその商品の名前で、1つは餃子の皮で、もう1つは別の物と一緒に合わせて2個となっていました 個数と値段は、変わらないので、そのままでかまいませんが、どう考えても変でしょう?値下げ商品でシールを貼る時の操作がどうなのか、わかりませんが、ラーメン買ったのに、餃子の皮って、おかしいでしょ なんて、適当なのか?。,商品,商品在庫,"['レシート', '買ってない商品', '個数', '値段', '変', '値下げ商品', 'シール', '操作', 'ラーメン', '餃子の皮', 'おかしい']"
怪しい人に間違われた 残念です 。,サービス・設備,接客態度,"['怪しい', '間違われた']"
レジが一台しか稼働していなかった 。,サービス・設備,レジ処理の速度,"['レジ', '稼働', '一台']"
レジ対応は丁寧です クーポンが終わっているものをまだプライス橫に付けていることが何度かあります 値段が違うこともあり、訂正の対応は丁寧なのですが時間はかかるのでプライスの確認をよろしくお願いいたします 。,サービス・設備,接客態度,"['レジ対応', 'クーポン', 'プライス', '値段', '訂正', '確認']"
レジは常時2ヶ所開放してください 。,サービス・設備,レジ処理の速度,"['レジ', '開放']"
クーポンの商品がなかったが、在庫を探しに行ってくれた 結局購入はできなかったが、親切だった 。,商品,欠品,"['クーポン', '在庫', '購入', '親切']"
何年か前に買った洗濯ネットが欲しかったので来店したが、なかった 品揃えが全然なかった 。,商品,商品在庫,"['洗濯ネット', '欲しい', '品揃え']"
袋が取りづらい。,サービス・設備,商品陳列,"['袋', '取りづらい']"
全体的に前より高くなったから安くしてほしい。,サービス・設備,商品知識,"['高く', '安く']"
今回も割引券を利用できてなくって会計やり直し度々あるので困る。,サービス・設備,レジ処理の速度,"['割引券', '会計', 'やり直し']"
ドリンクの種類を増やしてくださいね。,商品,フード＆ドリンク,"['ドリンク', '種類', '増やす']"
以前、レジ会計時に男性店員さんにとても不愉快な対応をされたことがありました ですが、最近、レジが女性店員さんになり、毎回、とても気持ちの良い対応をしてもらっています ほんの少しの心配りで、気持ち良く買い物を済ませることができます いつもありがとうございます ご苦労様です 。,サービス・設備,接客態度,"['レジ会計', '男性店員', '不愉快', '対応', '女性店員', '気持ち良い', '心配り', '買い物']"
リケンのノンオイルドレッシング、おろしを安くして欲しいです！。,商品,フード＆ドリンク,"['リケン', 'ノンオイルドレッシング', 'おろし']"
食料品売り場のレジの従業員さんは手際の良い方が多くて助かります。,サービス・設備,レジ処理の速度,"['食料品売り場', 'レジ', '従業員', '手際の良い']"
クレカなどの会計の際サインが必要なことがあっていちいち係員に来てもらってサインすると言う流れでしたがもっとスムーズにできたら良いと思いました 。,サービス・設備,レジ処理の速度,"['クレカ', '会計', 'サイン', 'スムーズ']"
名前は分かりませんが早い対応をしてくれました。,サービス・設備,接客態度,['早い対応']
郵便局クーポンこれからも続けて下さい 。,サービス・設備,割引サービス,"['郵便局', 'クーポン']"
白髪交じりの男の人　背高め？体格いい方いつもレジの対応が　あまり良くないです無愛想で　いい気はしません　女性の方はパートかな？基本的に　対応は　ふつうにしてくれてます。,サービス・設備,接客態度,"['白髪', '男性', '背高め', '体格いい', 'レジの対応', '無愛想', '女性', 'パート']"
いつもレジがいっぱいなので、もっとレジを開けてもらうかセルフレジがあるといい。,サービス・設備,レジ処理の速度,"['レジ', '開けてもらう', 'セルフレジ']"
店の都合なのか、その店員だけなのか上から目線で「これ、こうしないと困るのよ」と注意された 「次からは気を付けて」って すごくイヤな日になった 。,サービス・設備,接客態度,"['上から目線', '注意', 'イヤ']"
レジが混雑している時はヘルプが来てくれると良いと思います お客さんがイライラしていて店員さんが可哀想 。,サービス・設備,接客態度,"['レジ', '混雑', 'ヘルプ', 'イライラ', '店員']"
【国産　おろし大根　４袋入  ¥100】【菅原冷蔵　広野工場　9:00~17:00土日祝日は除く　0234-92-3131】←販売を検討して下さい…。,商品,デイリー,"['国産', 'おろし大根', '４袋入', '¥100']"
レジのNさんに丁寧な対応してもらいました 。,サービス・設備,接客態度,"['レジ', 'Nさん', '丁寧な対応']"
買い物カゴの積み上げが高くて高齢の小柄な方は届かないことが多い もう少し考えて配置お願いします 。,サービス・設備,店内レイアウト,"['買い物カゴ', '積み上げ', '高齢', '小柄']"
駐輪場が酷い。,サービス・設備,駐車場,"['駐輪場', '酷い']"
とても優しい従業員さんで丁寧な接客でした 。,サービス・設備,接客態度,"['優しい', '従業員', '丁寧', '接客']"
1個しか買っていない商品を2個買った事になっていて、返金処理して貰いましたが、今後気を付けてください 。,商品,商品在庫,"['買っていない', '2個', '返金処理']"
同じ事を何度も言いますが、品出しをしているスタッフの方の指導は、どうなっているのでしょう？箱を通路に広げて、どかそうともしない挨拶もしない、そのような指導をしているのですか？不愉快です 。,サービス・設備,商品陳列,"['品出し', 'スタッフ', '指導', '挨拶']"
皆さん親切丁寧です。,サービス・設備,接客態度,"['親切', '丁寧']"
何時に行っても、欠品している商品がある 例えば、ポテチとか 在庫が無いのか、並べる気が無いのか、はっきりして欲しい 。,商品,欠品,"['欠品', 'ポテチ', '在庫']"
クーポンあるのに商品がない。,商品,欠品,"['クーポン', '商品', 'ない']"
レジを打ちながら、他の従業員さんと電話で話してみえたので、電話を後にできない程、急用だったのかなぁと思いました 。,サービス・設備,接客態度,"['レジ', '従業員', '電話', '急用']"
チラシ以外の特売品は、お得感が増すし、何があるかの楽しみも増すので、これからもどんどんお願いします 。,商品,商品知識,"['特売品', 'お得感', '楽しみ']"
店員さんはいつもみんな親切で丁寧です 。,サービス・設備,接客態度,"['親切', '丁寧']"
久しぶりに来店しましたがリニューアルされていて商品も見やすくなっていて前より店内が通りやすく広く感じました 。,サービス・設備,店内レイアウト,"['リニューアル', '商品', '見やすい', '広い']"
奥のレジベテランスタッフさんの誘導の声掛けが、レジ前の棚で死角で見えないから凄く助かります majicaクーポン使えて便利だけど会計レジのチャージに時間かかり過ぎて前後の方が待ってパターン 事前にチャージできる機械を設置して欲しいです。,サービス・設備,接客態度,"['レジベテランスタッフ', '誘導の声掛け', 'レジ前の棚', '死角', '助かる', 'majicaクーポン', '便利', '会計レジのチャージ', '時間かかる', '待つ', '事前にチャージできる機械', '設置']"
照明が明るすぎて疲れた 。,サービス・設備,照明設備,"['照明', '明るすぎる', '疲れる']"
ペット用品増やして欲しい。,商品,ペット＆ガーデン,"['ペット用品', '増やして']"
レジ待ち改善。,サービス・設備,レジ処理の速度,"['レジ待ち', '改善']"
店の出入り口の傾斜が少しキツくて、カートの運びに無理がある 。,サービス・設備,店内レイアウト,"['出入り口', '傾斜', 'カート']"
店内がスッキリして見やすくなりました 衣替えの時期なので、防虫剤と衣類ケース、３段、５段のをお願いだから安くしてほしいなあ 。,商品,ホームグッズ,"['店内', 'スッキリ', '見やすい', '衣替え', '防虫剤', '衣類ケース', '３段', '５段', '安く']"
携帯の電波が悪いので改善して欲しい。,サービス・設備,スマホパーツ,"['携帯', '電波', '改善']"
探している商品が見つけにくかった 。,商品,商品陳列,['見つけにくい']
何回書いても治らないからいいです。,サービス・設備,接客態度,['治らない']
先日ピオーネを買いました 美味しかったです 。,商品,フード＆ドリンク,"['ピオーネ', '美味しい']"
毛穴撫子シリーズを安くして欲しい。,商品,スキンケア,"['毛穴撫子', '安く']"
商品の場所がわからず店員さんに聞くといつも感じ良く教えて下さるので感謝しています 洗剤など掃除用品や台所用品などよく買いますがスーパーやドラッグストアより安いのでとても助かっています 。,サービス・設備,デイリーグッズ,"['商品の場所', '店員さん', '感じ良い', '洗剤', '掃除用品', '台所用品', '安い', '助かる']"
キリンアリカリイオン水安くしてください 。,商品,ヘルスケア,"['キリンアリカリイオン水', '安く']"
たまに商品の場所が変わってわからなくなる時がある 場所が変わったら表示して欲しい 。,サービス・設備,商品陳列,"['商品の場所', '変わる', '表示']"
レジスタッフさん、以前よりとてもいいです。,サービス・設備,接客態度,"['レジスタッフ', 'いい']"
ボタニスト系商品を安くして下さい 。,商品,ヘルスケア,"['ボタニスト', '商品', '安く']"
丁寧 majicaの使い方に手間取っていたらサポートもしてくれて助かった。,サービス・設備,商品知識,"['majica', '使い方', '手間取る', 'サポート', '助かる']"
レジの男性が 丁寧にチャージしたら2年有効 と説明してくれました ありがとうございました 。,サービス・設備,接客態度,"['レジ', '男性', '丁寧', 'チャージ', '2年有効']"
どこに何があるかもう少しわかりやすくしてほしい。,サービス・設備,店内レイアウト,['わかりやすい']
オープン当初は、格安で買える食材かあったのですが、今は全然少ないです 。,商品,デイリー,"['オープン当初', '格安', '食材']"
パン売り場のパンの種類をふやしてほしいです バケットをおいてください 。,商品,デイリー,"['パン', '売り場', '種類', 'ふやす', 'バケット']"
缶ビールを安くしてほしい。,商品,デイリー,"['缶ビール', '安く']"
会員限定値引きの値札が見にくいものが多かったです 。,サービス・設備,店内レイアウト,"['会員限定値引き', '値札', '見にくい']"
レジのTTさんは丁寧で、空いてたらラッキー！と思って並びます 。,サービス・設備,レジ処理の速度,"['丁寧', '空いてる', 'ラッキー']"
土日レジの混雑がきになる。,サービス・設備,レジ処理の速度,"['土日', 'レジ', '混雑']"
スナック菓子のポテトチップスが高いので安くしてほしい。,商品,フード＆ドリンク,"['スナック菓子', 'ポテトチップス', '高い', '安く']"
以前、六本木店でクリスマスツリーを購入したが、ツリーの幹や枝が折れていて、使い物にならなかった 残念！。,商品,ホームインテリア,"['クリスマスツリー', '折れている']"
10時過ぎに来店平日だからなのか食肉コースは品数が少なく通路には箱が山積みいつもはこんな事なかったから今日は残念な感じでした。,商品,フード＆ドリンク,"['来店', '平日', '食肉コース', '品数', '通路', '箱', '山積み', '残念']"
核家族のため、豚肉や鶏肉など少量パック(50〜100ｇ位の使い切りサイズ位の量)の商品を、毎回店員さんにお願いしなくても良いように店側で店頭に置いて欲しい 。,商品,デイリー,"['核家族', '豚肉', '鶏肉', '少量パック', '使い切りサイズ']"
もう少し 障害者に 優しく できる まる買い物が できるようにしてください 。,サービス・設備,ハンディキャップ対応,"['障害者', '優しく', 'まる買い物']"
花屋横の階段に2階にあがってる時に踊り場の壁にとても大きい蜘蛛がいてビックリしました 。,サービス・設備,店内の清潔度,"['蜘蛛', 'ビックリ']"
リニューアルして店の中が明るくなって、商品がゴチャゴチャしてなくて通路も広く買い物しやすくなったと感じました 。,サービス・設備,店内レイアウト,"['リニューアル', '明るい', 'ゴチャゴチャ', '通路', '広い', '買い物']"
シングルのトイレットペーパーを格安でお願いします。,商品,デイリー,"['トイレットペーパー', '格安']"
本を置いて下さい。,商品,ホームインテリア,['本']
日本のお菓子だけは一階にしてほしい。,商品,デイリー,"['お菓子', '一階']"
いいねっ！。,商品,商品知識,['いいね']
各レジ並びだと、前の人にアクシデントがあると並び続けなければならなくて、どんよりする事がたまにある 。,サービス・設備,レジ処理の速度,"['レジ', '並び', 'アクシデント']"
お手洗いは掃除はされているのですが、おそらく古いため、便器の周りの床がジワッと濡れていたり、何となく汚いなという感じがします 綺麗になって欲しいです 。,サービス・設備,トイレ設備,"['お手洗い', '掃除', '床', '濡れ', '汚い']"
名前は分かりませんが、常連で顔を覚えてもらっていて、とても丁寧な接客です 。,サービス・設備,接客態度,"['常連', '顔を覚えてもらっている', '丁寧な接客']"
レジ打ちの若い男性の態度が、あまりにもぶっきらぼうで、声も小さく聞き取り辛くて最悪でした クーポン対象の商品も、上限数がまだまだ沢山あったにも関わらず、棚に一つも陳列されていなくて、店員さんに確認したかったので、10分程探しましたが、誰も売り場にはいませんでした 久しぶりに嫌な気持ちで店を出ました 。,サービス・設備,接客態度,"['レジ打ち', '若い男性', '態度', '声', '聞き取り辛い', '最悪']"
フライパンコーナー等の日用雑貨売場がとても見えづらい 特に１階は何がどこにあるのか分からない 。,サービス・設備,店内レイアウト,"['フライパン', '日用雑貨', '見えづらい', '１階', '分からない']"
レジの男性が親切。,サービス・設備,接客態度,"['レジ', '男性', '親切']"
2.2ミリの太麺パスタを入れて下さい 。,商品,デイリーグッズ,['太麺パスタ']
レジの人が親切で良かったです 。,サービス・設備,接客態度,['親切']
言葉通じない中国人の態度がわるい。,サービス・設備,接客態度,"['中国人', '態度']"
私がたまたま行くドンキは、ややクールな対応の方が多い店舗だと感じます まだ、近くのピアゴ店舗の店員さんは、とても丁寧な接客、特に高齢者に親切なんだと観て思います 。,サービス・設備,接客態度,"['ドンキ', '対応', 'クール', 'ピアゴ', '店員', '丁寧', '接客', '高齢者', '親切']"
一階レジ待ち、10人以上商品詰める場所が狭く待ったアルコール、炭酸一階に置いてほしい 重いから,サービス・設備,レジ処理の速度,"['一階', 'レジ待ち', '商品詰める場所', '狭い', '待った', 'アルコール', '炭酸', '一階', '置いてほしい', '重い', 'くじ', '当たった']"
今迄の駐輪場が駐車場になり、ここに自転車を置かないで下さいのついたてがありますが、かえって駐車場にすると危ないと思います 駐車場と駐車場の間に駐輪場ではなく今まで通り入って右側が駐輪場が良いと思います。,サービス・設備,駐車場,"['駐輪場', '自転車', '危ない']"
過剰接客、自分でやる 支払方法出来ると、言ってるのにやらしてくれ！やらしてくれ！。,サービス・設備,接客態度,"['過剰接客', '支払方法']"
売場の陳列が変わって見やすくなったと思います。,サービス・設備,商品陳列,"['売場', '陳列', '見やすい']"
値段がわからない商品があって、そういうのをなくしていただけたら助かります 。,商品,商品在庫,"['値段', 'わからない']"
前にレジが見習い店員みたいてクレカのmajica番号を読まずに会計されてポイントが付かなかった こちらも初めてクレカ使ったため決済すれば自動に付くと思っていた 今はスマホのmajica番号とクレカをそれぞれ読み込ましている 見習いのレジは指導者がいたほうがよい 。,サービス・設備,レジ処理の速度,"['レジ', '見習い', 'クレカ', 'majica番号', '会計', 'ポイント', 'スマホ']"
レジの方の対応がとても良かったです 。,サービス・設備,接客態度,"['レジ', '対応', '良かった']"
品出しの人がじゃま。,サービス・設備,商品陳列,"['品出し', 'じゃま']"
和泉中央店 今日暑かったですよ!!店内エアコンが切られてたのか、外と温度が同じでした ゆっくり商品を見たいのに汗出てゆっくりなんてしてられませんでした!!季節が進んだからエアコン切るのでは無く、その日の気温に合わせて欲しいです 皆が車で来るのでは無く、３０分以上運動を兼ねて歩いて行く客もいる事を考えてもらいたいです 。,サービス・設備,空調,"['店内エアコン', '温度', '汗', '季節', '気温', '車', '運動', '歩く']"
フンドーキン無添加合わせ味噌ビッグサイズを置いていただきたいです 。,商品,デイリー,"['フンドーキン', '無添加', '合わせ味噌', 'ビッグサイズ']"
時々果物の値段が付いて無い時が有りました。,商品,商品在庫,"['果物', '値段']"
クーポン対象の商品を購入しようと思い探したがなかなか見つからなくて困った 手が届かないような高い場所にあったので購入するのを辞めた クーポン対象の商品は見つかりやすい場所に移動したり、各コーナーでクーポン対象の商品をまとめて置いたりしてみては見つけにくい 。,商品,商品陳列,"['クーポン', '商品', '購入', '見つからない', '高い場所', '辞めた', '見つけにくい']"
レジに並んでいる際、店内チラシを見て、何処かを見ていたが、きちんと声を掛けてくれた 。,サービス・設備,接客態度,"['レジ', '店内チラシ', '声を掛けてくれた']"
私はドンキで買い物をするのが好きです なぜなら、常にプロモーションがあるからです レジの女の子、特にブロンドの髪の女の子が大好きです とても親切。,サービス・設備,接客態度,"['ドンキ', '買い物', 'プロモーション', 'レジ', '女の子', 'ブロンドの髪', '親切']"
食料品の値段を下げて欲しい 期限の近い商品の割引を増やして欲しい。,商品,デイリー,"['食料品', '値段', '下げる', '期限', '近い', '商品', '割引', '増やす']"
レジの対応は良かったです。,サービス・設備,接客態度,"['レジ', '対応', '良かった']"
東洋水産ふっくら中華風おこわ298円を復活させて頂きたい 。,商品,デイリー,"['東洋水産', 'ふっくら中華風おこわ', '復活']"
玉子売り場が2箇所あるので１つにまとめてほしい。,商品,商品陳列,"['玉子売り場', 'まとめて']"
今回のレジをしてくださった方は、以前商品のことを聞いた時も丁寧に対応してくださったので、嬉しく思いました 。,サービス・設備,接客態度,"['レジ', '商品', '聞いた', '丁寧']"
レジの並びが分かりにくかった 。,サービス・設備,レジ処理の速度,"['レジ', '並び', '分かりにくい']"
お弁当がすぐ売り切れるので、もっと在庫を並べてほしい 。,商品,デイリー,"['お弁当', '在庫']"
レジは人によって対応がかなり違いますね 年齢が上の方の方が丁寧な対応ができてると思います ー。,サービス・設備,接客態度,"['レジ', '人', '対応', '年齢', '上の方', '丁寧']"
アリエール除菌プラスが以前945g298円で売っていたが、ココ最近、増量してるのにも関わらず高くなってる 。,商品,ホームグッズ,"['アリエール除菌プラス', '945g', '298円', '増量', '高くなってる']"
クーポンについて、詳しく教えてくれました 。,サービス・設備,商品知識,"['クーポン', '詳しく', '教えて']"
いつも　安いと思います。,サービス・設備,商品価格,['安い']
アイスクリームをもっと安くして欲しい 。,商品,デイリー,"['アイスクリーム', '安く']"
駐車場の割引が2000円以上で1時間は高すぎる また出口も厚木街道に出にくく駐車場の中で渋滞していることがある 。,サービス・設備,駐車場,"['割引', '高すぎる', '出口', '厚木街道', '渋滞']"
リステリン安く提供して欲しいです。,商品,ヘルスケア,"['リステリン', '安く', '提供']"
弁当美味しい。,商品,デイリー,"['弁当', '美味しい']"
日本酒の種類を増やしてほしい 高知のお酒で船中八策を置いてほしいです！。,商品,フード＆ドリンク,"['日本酒', '種類', '高知', 'お酒', '船中八策']"
イワタニのカセットフータフまるを安くして欲しい。,商品,ホームグッズ,"['イワタニ', 'カセットフータフまる', '安く']"
メガネ、ふっくらされている男性ですが、何時も心地良い対応をされます 。,サービス・設備,接客態度,"['メガネ', 'ふっくらされている男性', '心地良い対応']"
安売りの品の所に違う商品が入っていて、間違えて購入しそうになった 気になる商品があったが値段表示がなく購入しなかった。,商品,商品在庫,"['安売り', '品', '違う商品', '購入', '値段表示']"
対応が良かった。,サービス・設備,接客態度,[]
ぞう菜を種類多く，魚売場質をもっとよくして値段ら高くても良いから。,商品,ベジタブル・フルーツ,"['ぞう菜', '種類', '魚売場', '質', '値段']"
16日にペイチャがつかえなかった（15日の深夜だからとのこと）。,サービス・設備,ハンディキャップ対応,"['ペイチャ', 'つかえなかった', '15日', '深夜']"
クーポンの、醤油ラーメン、とんこつラーメン朝10時迄に来店するのですが、毎回欠品ばかり5回以上続いてるので、無いので有ればクーポンに掲載しないで 他の品物でかまんから、在庫確実に有る品物に転換して下さい 至急宜しくです。,商品,欠品,"['クーポン', '醤油ラーメン', 'とんこつラーメン', '来店', '在庫確実']"
混雑時にレジを全部解放して欲しい。,サービス・設備,レジ処理の速度,"['混雑時', 'レジ', '解放']"
いつも、お掃除が行き届いていて、雨の日でも、床が、ピカピカで気持ちが良いですね。,サービス・設備,店内の清潔度,"['お掃除', '行き届いて', '雨の日', '床', 'ピカピカ', '気持ちが良い']"
量販店より、お酒の種類が少ない 。,商品,リカー＆ワイン,"['お酒', '種類', '少ない']"
空いて良かった。,サービス・設備,店内の清潔度,['空いて']
接客があまり良くない みんなちょっと派手すぎる。,サービス・設備,接客態度,"['接客', '派手']"
子供と行く事が多いので、通路がもう少し広かったらなぁと思います 。,サービス・設備,店内レイアウト,"['子供', '通路', '広い']"
この時期で真田、挨拶は、いらないです 。,サービス・設備,接客態度,"['真田', '挨拶']"
生ハムが、198円から238円になってからは買っていません よく行く食品スｰパーと価格が変わらなくなったからです 何故なのでしょうか？。,商品,商品在庫,"['生ハム', '価格', '変わらない']"
レジ対応良 今朝TVでドンキさんの特集を拝見しました さまざまな商品開発、興味深かったです フリーズドライ製法のものが多いようなので、こだわりお茶漬けを作ってみたらいかがでしょうか 。,商品,デイリー,"['レジ対応', '特集', '商品開発', 'フリーズドライ製法', 'お茶漬け']"
いつもきれいに掃除されている。,サービス・設備,店内の清潔度,['掃除']
リステリンは？。,商品,ヘルスケア,['リステリン']
楽しんでお買い物出来ました 。,商品,デイリーグッズ,"['お買い物', '楽しんで']"
小学生をつれて、2000円以上購入したのにゲームコインをもらえない時があったレジの店員によるかもしれないが、統一してほしい。,サービス・設備,レジ処理の速度,"['小学生', '2000円以上', 'ゲームコイン']"
焼肉のタレが美味しかったです 。,商品,フード＆ドリンク,"['焼肉', 'タレ', '美味しい']"
下着を買った時に、男性のレジの方しか、いなくて近くにレジを片付けている女性の方に、声かけて下着なので男性のレジでは、抵抗があると話たら、清算してくれましたとても感じが良かったです。,サービス・設備,接客態度,"['下着', '男性のレジ', '女性のレジ', '声かけ', '清算', '感じが良い']"
レジの手際が良くて待たされる事も無かった。,サービス・設備,レジ処理の速度,"['レジ', '手際', '待たされる']"
レジの人がスムーズで良かった！シャンプーが少し高い気がしますもう少し安くしたらお客さんも買うかも。,サービス・設備,レジ処理の速度,"['スムーズ', '良かった']"
買いたい物の場所がわからない時、従業員さんがいなくて困る。,サービス・設備,接客態度,"['従業員', '困る']"
レジの方は接客的に対応してほしい。,サービス・設備,接客態度,"['レジ', '接客']"
夕方の忙しい時間でしたが、皆さん、テキパキと仕事をしていました 頑張って下さい。,サービス・設備,接客態度,"['忙しい', '時間', 'テキパキ', '仕事', '頑張って']"
即席麺、カップ麺を安くして欲しい‼︎。,商品,デイリーグッズ,"['即席麺', 'カップ麺', '安く']"
武豊店です 1階に少しでも、良いから休憩場所作って下さい～、優しくして下さい。,サービス・設備,店内レイアウト,"['休憩場所', '優しく']"
一部陳列が変わっていました、よかったと思います 他にもあると思います　よろしくお願いします 。,サービス・設備,商品陳列,"['陳列', '変更']"
食品レジにいたSさんの対応がとっても良かったです きちんと目を見て、丁寧に対応してもらえたのが、気持ち良かったです 。,サービス・設備,接客態度,"['Sさん', '対応', '目を見て', '丁寧']"
ピュリナワン。,商品,ペット＆ガーデン,['ピュリナワン']
駐車場入口の警備員さんの態度がデカイ 。,サービス・設備,駐車場,"['警備員', '態度', 'デカイ']"
雨の日に傘が無かった。,商品,カーライフ,"['傘', '雨']"
最近は飲み物が安くない!!前まではドラッグストアより安かったのに最近はドラッグストアの方が安い 。,商品,フード＆ドリンク,"['飲み物', '安くない', 'ドラッグストア']"
値札がついていない商品が積み上げてあり、店員さんに聞いて買いました 数日後に行ってもまだ値札がついていませんでした 。,商品,商品陳列,"['値札', '積み上げ', '店員', '聞く', '買う', '数日後']"
レジでの間違い時に謝罪の言葉なし。,サービス・設備,接客態度,"['レジ', '間違い', '謝罪']"
2.2ミリの太麺パスタを入れて下さい トロピカーナグレープフルーツジュースの小さいバックを入れて下さい 。,商品,デイリー,"['太麺パスタ', 'トロピカーナグレープフルーツジュース']"
朝早かったので、レジに並ぶ人なし レジの人の名前はわからないが、クーポンがちゃんと使われている事を知らせてくれて良いと感じた 。,サービス・設備,接客態度,"['朝早かった', 'レジに並ぶ人なし', 'クーポン', '使われている']"
通路をもっと広くして下さい 。,サービス・設備,店内レイアウト,"['通路', '広く']"
ヤクルト1000増やしてください。,商品,デイリー,"['ヤクルト', '1000']"
支払いをスムーズにする為に、繁忙時は、すべてのレジを解放して欲しい事と宇品店のように店員さんの商品レジスキャンて購入金額が確定したら支払いを顧客自動精算機でできるようにしてもらえればと思います 。,サービス・設備,レジ処理の速度,"['支払い', 'スムーズ', '繁忙時', 'レジ', '解放', '宇品店', '店員', '商品レジスキャン', '購入金額', '支払い', '顧客自動精算機']"
たまごのクーポンが月の後半でなくなるので補充して欲しい。,商品,デイリー,"['たまご', 'クーポン', '補充']"
レジの若い店員の接客態度が悪い。,サービス・設備,接客態度,"['レジ', '若い店員', '悪い']"
レジの方や従業員さんの対応が良かったです また利用したいです！。,サービス・設備,接客態度,"['対応', '良い', '利用']"
日替わりの商品が開店1時間しないのに売り切れは早すぎる 。,商品,商品在庫,"['日替わり', '売り切れ']"
今日もレジ2箇所しか空いてなくて、早く帰宅したいので焦って買い物したに意味なく時間が経つ、なので会社帰りはなるべくドンキーさんは寄らないようにしてます 土日は最悪だと思います 。,サービス・設備,レジ処理の速度,"['レジ', '空いてない', '時間がかかる']"
レジ混みすぎ。,サービス・設備,レジ処理の速度,"['レジ', '混みすぎ']"
アニメコラボしてるグッズの詳細ポスターに売り切れシールが貼られてるのですが、店頭にある商品なのに売り切れシールが貼られてることがあるので、注意してほしいです 。,商品,トイ＆バラエティ,"['アニメコラボ', 'グッズ', '詳細ポスター', '売り切れシール', '店頭']"
業務用ミックスナッツをおいてね!。,商品,デイリー,"['業務用', 'ミックスナッツ']"
洗顔フォームを探したが見つかるまで時間がかかった、しかも種類が少ないドンキホーテの方が種類が多く珍しいタイプがあるメガドンキの方が売り場広いのに、種類が少なく残念。,商品,ホームグッズ,"['洗顔フォーム', 'ドンキホーテ', 'メガドンキ']"
アイスキャンディーの商品を○○入荷して欲しいとレジーの方に頼んだら、すぐメモを取りすぐに対応してくださり次回買い物に行ったら、その商品があり、嬉しかったです ありがとうございました 夏、あの抹茶ミルクキャンディーが食べれて、嬉しかったです 店員さんありがとうございました 。,商品,デイリー,"['アイスキャンディー', '入荷', 'メモ', '対応', '買い物', '抹茶ミルクキャンディー', '店員さん']"
セルフレジがほしい。,サービス・設備,レジ処理の速度,['セルフレジ']
品だしの人、通路狭いので周りみながらやってほしいです ぶつかりました 。,サービス・設備,接客態度,"['品だし', '通路狭い', '周りみながら', 'ぶつかりました']"
欲しかった物が在庫が無かった 棚に物が少なくて、高い所の物が奥まで手を伸ばすのが大変で取りにくい 。,商品,商品在庫,"['在庫', '棚', '手を伸ばす', '取りにくい']"
さつまいもがカットされてたら買います 。,商品,デイリー,"['さつまいも', 'カット']"
丁寧に接客していただいたので何も言うことはありません 。,サービス・設備,接客態度,[]
対応は、人による 今日の対応は、もう少し丁寧にしても良かったと思う あまり気分は良くない 。,サービス・設備,接客態度,"['対応', '丁寧']"
野菜も置いて頂けると助かります 。,商品,ベジタブル・フルーツ,['野菜']
いつも楽しくて安くていくのがたのしみです！。,サービス・設備,商品価格,"['楽しい', '安い']"
大人のおしめを探したのですが、見当たらなくて、諦めました 少しでも置いてもらえると有り難いです 。,商品,ヘルスケア,['大人のおしめ']
レジで商品をかごに移す際 商品の扱いが雑でした 駐輪場にカートがいくつもあって 道を塞いでいた 。,サービス・設備,レジ処理の速度,"['商品', '扱い', '雑', '駐輪場', 'カート', '道', '塞いでいた']"
9月の特売品がたくさん有って良かったです!。,商品,商品在庫,"['特売品', '9月']"
お弁当買ったけどお箸もらえなかった 何か応募用紙をもらってた人もいたけど私は3千円以上買ったけどもらえなかった 。,サービス・設備,接客態度,"['お弁当', 'お箸', '応募用紙', '3千円以上']"
下着を購入した時、黒の袋に入れてくれました、ありがとうございました 。,商品,メンズインナー,"['下着', '購入', '黒の袋']"
こたにやって人、サービス業に向いてない 普通なら言わなくてもいい事が出来ないのでムカつく 。,サービス・設備,接客態度,"['こたにやって人', 'サービス業', '向いてない', '言わなくてもいい事', 'ムカつく']"
すごく、手際が良く良かった。,サービス・設備,接客態度,['手際が良い']
レジが早くてすごい。,サービス・設備,レジ処理の速度,"['早い', 'すごい']"
レジが２台しか開いていなかったので並びました 。,サービス・設備,レジ処理の速度,"['レジ', '開いていなかった', '並びました']"
レジを担当してくださったHさん？は手際が良くマスクをしているにも関わらず声が聞き取りやすくて好感が持てましたが、髪の毛の色は銀髪でいいのでしょうか？。,サービス・設備,接客態度,"['Hさん', '手際', 'マスク', '声', '髪の毛', '色', '銀髪']"
レジが早くて嬉しいです 人の列ができるとすぐに応援の人が来てくれます！。,サービス・設備,レジ処理の速度,"['早い', '嬉しい', '列', '応援']"
従業員さんのニコニコが嬉しかったです＼(^o^)／。,サービス・設備,接客態度,"['従業員', 'ニコニコ', '嬉しい']"
いつもレジは混んでいますが、店員さん皆んなレジさばきが早く、会計処理を機械で自分で行うシステムになったので、混んでいてもストレスは感じなくて良いです 。,サービス・設備,レジ処理の速度,"['混んでいる', '店員さん', 'レジさばき', '会計処理', '機械', 'ストレス']"
品物を丁寧に探してくださいました 。,サービス・設備,商品在庫,['探す']
欲しい商品の在庫がなかった 。,商品,商品在庫,"['欲しい', '在庫']"
木更津店でのことですが　クーポン発券保有出来たのに商品が無いってひどいなと思いました 。,サービス・設備,欠品,"['クーポン', '発券', '商品', '無い']"
座椅子の値段がわからないのがあった 誰が見てもわかりやすいようにしてほしいです 。,商品,ホームインテリア,"['座椅子', '値段', 'わかりやすい']"
飲み物をもっと安くしてほしい。,商品,フード＆ドリンク,['安く']
レジが混んでてビックリ!毎日こうなのかな？お客さんに感謝ですね 。,サービス・設備,レジ処理の速度,"['レジ', '混んでる', 'ビックリ', '毎日', 'お客さん', '感謝']"
他店にない品揃えをお願いします 。,商品,商品陳列,['品揃え']
携帯に関する商品ですが、携帯カバーなど以前は種類や数もたくさんあったと思うんですが？今はあまりなくて残念でした モバイルバッテリーに関しては安くなっていて、説明が大きく書いて貼ってあったのでわかりやすくてよかったです 。,商品,スマホパーツ,"['携帯', '携帯カバー', 'モバイルバッテリー']"
2階ブランド品コーナーのお会計してくれたスタッフさんがにこやかに接客してくれてとても良い印象だった 。,サービス・設備,接客態度,"['2階', 'ブランド品コーナー', 'お会計', 'スタッフ', 'にこやか', '接客', '良い印象']"
1499円の焼酎だけは価格を維持して欲しい 。,商品,リカー＆ワイン,"['焼酎', '価格']"
商品の場所が分かりにくい。,サービス・設備,店内レイアウト,"['商品の場所', '分かりにくい']"
一人者の為カット果物などの少量の商品を増やして欲しい できればブドウとか梨とか桃が食べたいのですが一人だとなかなか手を出せないです 。,商品,デリカ,"['カット果物', '少量', 'ブドウ', '梨', '桃']"
レジの、Mさんという方が、とても感じの良い対応をしてくださり、気持ちよく買い物をすることができました ありがとうございました 。,サービス・設備,接客態度,"['Mさん', '感じの良い対応', '気持ちよく買い物']"
店員の配置が悪く、見つからない商品を探せない。,サービス・設備,商品在庫,"['店員', '配置', '見つからない', '商品', '探せない']"
レジの従業員さんが、親切でした。,サービス・設備,接客態度,"['レジ', '従業員', '親切']"
メガネをかけたレジの男性（若め）が親切でした。,サービス・設備,接客態度,"['メガネ', 'レジ', '男性', '若め', '親切']"
スッキリをみてアスパラのお菓子を買いにきたのに取り扱ってないのはなぜ… 悲しい 枚方店 。,商品,デイリー,"['スッキリ', 'アスパラ', 'お菓子', '買いに来た', '取り扱ってない', '悲しい', '枚方店']"
アプリを開いたら登録みたいなのが必要になった レジに並んでたのに、そのせいで後にならび直し！レジの店員さんも変わることを知らなくて、戸惑ってました レジの店員さんが可愛そうです 。,サービス・設備,レジ処理の速度,"['登録', 'レジ', '店員', '戸惑っていた']"
一階全入り口にペットボトル回収箱を置いてほしい 。,サービス・設備,ペット＆ガーデン,"['ペットボトル', '回収箱', '入り口']"
インスタントラーメン、お水、ドリンクをもう少し安くして欲しい。,商品,デイリー,"['インスタントラーメン', 'お水', 'ドリンク', '安く']"
カー用品の品物をもっと増やして欲しい 。,商品,カーライフ,"['カー用品', '増やす']"
特にない 書いてもどうせ何も変わらないから 。,商品,商品知識,[]
スマホのバーコードの読み取りがなかなかできませんでした 。,サービス・設備,スマホパーツ,"['バーコード', '読み取り']"
地下駐車場のカートを整理してるおじさんの笑顔と対応が素敵 。,サービス・設備,駐車場,"['地下駐車場', 'カート', '整理', 'おじさん', '笑顔', '対応', '素敵']"
地下にもお手洗いがほしい。,サービス・設備,トイレ設備,"['地下', 'お手洗い']"
惣菜コーナーのメニューをもっと増やして欲しい チキンや揚げ物系が多くて色が茶色系がほとんどでもっとヘルシーな商品もあったら良いと思う サンドイッチやスィーツ等もあると嬉しいです 。,商品,デリカ,"['惣菜コーナー', 'メニュー', '増やす', 'チキン', '揚げ物', '茶色系', 'ヘルシー', 'サンドイッチ', 'スィーツ']"
従業員さんのちょっとした心遣いが嬉しかったです 。,サービス・設備,接客態度,"['従業員', '心遣い', '嬉しい']"
バーゲンブックが良かった すみっコぐらしがあまりなかった 。,商品,トイ＆バラエティ,"['バーゲンブック', 'すみっコぐらし']"
夜きても食品があるのが嬉しい。,商品,デイリー,"['夜', '食品', '嬉しい']"
横須賀にメガドンキを作って欲しい ドンキとピカソで２店舗あるがどちらも老朽化を感じる 建て直す事があれば、一つにしていいのでメガドンキにしてほしい 。,サービス・設備,商品陳列,"['メガドンキ', '横須賀', 'ドンキ', 'ピカソ', '老朽化', '建て直す']"
東洋水産ふっくら中華風おこわ298円を復活させて頂きたい 。,商品,デイリー,"['東洋水産', 'ふっくら中華風おこわ', '復活']"
会計までの道のりがたまに迷子になるので、会計までの順路というか欲しい。,サービス・設備,店内レイアウト,"['会計', '道のり', '迷子']"
クーポンの商品の場所がわかりにくいです 。,サービス・設備,商品陳列,"['クーポン', '商品', '場所', 'わかりにくい']"
お菓子のうまい棒のバラ売りがほしいです。,商品,菓子・珍味,"['うまい棒', 'バラ売り']"
激辛カルパス売れ切れだった 。,商品,デイリーグッズ,"['激辛カルパス', '売れ切れ']"
ポップの値段と　レシートの値段が違っているのは　どうしてですか?昨日より安いと　思ったから買ったのに　値段の見間違いかと思い翌日確認したけと　見間違いではなかった ものすごく損した気分　数年前にも　同じ事が　ありました。,商品,商品在庫,"['ポップ', '値段', 'レシート', '違っている', '見間違い', '損した']"
無料レジ袋ありがとうございます 情熱価格の赤ちゃんのお尻拭き入荷お願い致します。,商品,デイリー,"['レジ袋', 'お尻拭き']"
商品の陳列が綺麗で見やすかった 。,商品,商品陳列,"['綺麗', '見やすい']"
レジの女性が積極的で好印象でした 。,サービス・設備,接客態度,"['レジ', '女性', '積極的', '好印象']"
従業員のUさんがとても親切で気持ちよかったです 。,サービス・設備,接客態度,"['従業員', 'Uさん', '親切', '気持ちよい']"
お米の価額をもっと下げってもらえないでしょうか？市場より1円や2円安いというのは1番安いとは言えません 。,商品,デイリー,"['お米', '価格', '下げてもらえない']"
詰替用の乾燥パセリが有機パセリの高いヤツしか無く、探しても見付かりませんでした 。,商品,デイリー,"['詰替用', '乾燥パセリ', '有機パセリ']"
紙パックの飲み物が安かったので良かったです。,商品,デイリー,"['紙パック', '飲み物', '安かった', '良かった']"
レジ待ち改善。,サービス・設備,レジ処理の速度,"['レジ待ち', '改善']"
平日昼間に初めていきました いつも混んでるのでマジカ払いは助かります。,サービス・設備,レジ処理の速度,"['平日昼間', '初めて', '混んでる', 'マジカ払い', '助かります']"
他の店と比較しても商品の値段がたいして変わらないので日用品とか食品やら買うなら他で買ったほうがいいかなと思う値段設定かなと思う。,商品,商品知識,"['値段', '日用品', '食品', '買う']"
駐車場穴だらけ。,サービス・設備,駐車場,['穴']
混んでいても、皆さんニコニコとしていますね 頑張って下さい。,サービス・設備,接客態度,"['混んでいる', 'ニコニコ']"
トイレットペーパーの種類を増やしてほしい。,商品,ホームグッズ,"['トイレットペーパー', '種類', '増やす']"
洗剤系すべて高い ダイレックスなどのほうがやすい。,商品,商品知識,"['洗剤', '高い', 'ダイレックス', 'やすい']"
値上がりが気になりましたが安い商品があるから、嬉しい あと値引きされた商品があると余計にラッキーって思います マジカカードをもっと利用してほしい マジカカードで支払いしたら五％になるとか 。,商品,商品価格,"['値上がり', '安い商品', '値引き', 'マジカカード', '支払い']"
最近レジの店員さんは皆さん言葉もハキハキしているしお客様対応が良くなったと思います、接客面では無いんですが！いつもワンちゃんの餌にササミのメガ盛りを買うんですが最近価格が高くなった上にササミの処理が雑になったような気がします薄皮がくっついていて食べるのは食べるんですが湯がいた後はがして与えてます 。,商品,ペット＆ガーデン,"['ワンちゃん', '餌', 'ササミ', 'メガ盛り', '価格', '処理', '薄皮', '湯がい']"
アシードブリュー(株)のバニラ&チェリーコーラを常に品揃えして欲しいです 1年に1回位しか見かけないので…見つけたら必ず購入するがいつでも帰るの安心がない。,商品,デイリー,"['アシードブリュー', 'バニラ&チェリーコーラ', '品揃え', '購入', '安心']"
たまには、クジが当たって欲しい 。,サービス・設備,商品知識,"['クジ', '当たる']"
オートミールの種類を増やして欲しい 。,商品,デイリー,"['オートミール', '種類', '増やす']"
　今のところ，特段対応の悪い従業員に当たったことはない また、贅沢なお願いかもしれないが、もう少し笑顔を増やしてくれるとありがたい 。,サービス・設備,接客態度,['笑顔']
前より　わずかに良くなって　きてますが、まだまだですね!!　今週は、対応の良くない　店員の名札確認します！　。,サービス・設備,接客態度,"['対応', '店員', '名札']"
レジの方はとても親切でした？。,サービス・設備,接客態度,['親切']
レジ対応してくれた方の態度が悪かったエレベーター前での店員同士のお喋りが気になった。,サービス・設備,接客態度,"['レジ対応', '態度', 'エレベーター前', '店員', 'お喋り']"
レジが少ない。,サービス・設備,レジ処理の速度,"['レジ', '少ない']"
対応したレジの方がいい人でした 。,サービス・設備,接客態度,"['対応', 'レジ']"
会計の人はとてもよかった 。,サービス・設備,接客態度,"['会計', '人', 'よかった']"
いつも思う事ですが、店員さんにレジの台から会計機の台にかごを移して頂いていますが、会計機の前で、またカートに乗せなくてはいけないのが、少々ツラいです 考えて、レジが終わらぬ先に、カートを会計機の台に待たせると、店員さんがツラいみたいで、悩みます 。,サービス・設備,レジ処理の速度,"['レジ', '会計機', 'カート', '店員さん']"
是非気軽にいただける飲食店を増やしてほしいです！フードコートでも店舗でも 。,サービス・設備,フード＆ドリンク,"['飲食店', 'フードコート', '店舗']"
最初に並んでたのに2番目の客の会計を先にされた 。,サービス・設備,レジ処理の速度,"['並ぶ', '会計', '先に']"
荷物を袋につめるところがせまい。,サービス・設備,店内レイアウト,"['荷物', '袋', 'つめる', 'せまい']"
レジからの動線が良くなり、買い物がしやすくなった。,サービス・設備,店内レイアウト,"['レジ', '動線', '買い物']"
あさひ　本生を、安くして欲しい。,商品,サイクル,"['あさひ', '本生', '安く']"
Fさんの対応が良かった。,サービス・設備,接客態度,"['対応', '良かった']"
レジのIさん、子供への優しい対応でした 。,サービス・設備,接客態度,"['レジ', 'Iさん', '子供', '優しい対応']"
今回、売場価格表示とレジ精算価格が違ってた 。,サービス・設備,商品在庫,"['売場価格表示', 'レジ精算価格', '違ってた']"
レジが長蛇の列 うんざり 。,サービス・設備,レジ処理の速度,"['レジ', '列', 'うんざり']"
贅沢しぼりのチューハイを安くしてほしいです 。,商品,ホームグッズ,"['贅沢しぼり', 'チューハイ', '安く']"
通路はダンボールで カート通れないレジ マイカゴ渡してるのに 普通のカゴに入れられ 自分で 入れ直させられる何か知らない商品の勧誘 入口でやってるから 声掛けてる人 ぢゃまで 通れない。,サービス・設備,商品陳列,"['通路', 'ダンボール', 'カート', 'レジ', 'マイカゴ', '商品の勧誘', '入口', '声かけ']"
普通に良かったです (普段から接客は良いですよ )。,サービス・設備,接客態度,"['普段', '接客', '良い']"
ポテチを安くして欲しい 。,商品,デイリー,"['ポテチ', '安く']"
忙しい時間帯や、レジに多くのお客様がいる際空いてるレジがあるなら、全部使ってお客様の流れを早くして欲しい。,サービス・設備,レジ処理の速度,"['忙しい時間帯', 'お客様', '流れを早く']"
豊見城店、いつも利用させていただいてます 訪れるたびに店員さんの対応が悪く良いイメージはありません ですが本日レジ対応いただいた若い男性店員さん、とっても良かったです レシートに記載あるので名前はAMさん？かな？ 手際もよく声も聞こえやすく元気で好印象でした AMさんのようなスタッフがもっと増えると良いなと思います 。,サービス・設備,接客態度,"['豊見城店', '利用', '店員さん', '対応', '悪い', 'イメージ', 'レジ対応', '若い男性店員さん', '良い', 'レシート', '名前', 'AMさん', '手際', '声', '元気', '好印象', 'スタッフ', '増える']"
従業員の「M」さんという方の対応がすごく良かった 9月15日午前9時ごろに買い物していて、商品(お米)の場所が分からなかった時、とても丁寧に対応してくれた 感動した 彼女を評価してほしい 。,サービス・設備,接客態度,"['従業員', 'Mさん', '対応', '良かった', '買い物', '商品', 'お米', '分からなかった', '丁寧', '感動']"
普通でした。,商品,商品知識,[]
店員さんの対応がテキパキしていてとてもわかりやすかった 。,サービス・設備,接客態度,"['対応', 'テキパキ', 'わかりやすい']"
レジのメガネやのおばちゃんが、とても親切だったありがたかった。,サービス・設備,接客態度,"['レジ', 'メガネ', 'おばちゃん', '親切']"
もっと沢山の商品を置いて欲しいです 。,商品,商品在庫,"['沢山', '置いて', '欲しい']"
レジをしてくれた方が、子供に優しく対応してくれた！そういうのは、親からするとありがたいです 。,サービス・設備,接客態度,"['レジ', '子供', '優しく', '対応']"
クーポンの種類を増やしてほしい。,サービス・設備,割引サービス,"['クーポン', '種類', '増やす']"
混んでいるのにレジが二個で代用しているけど他のレジも開けて欲しかった。,サービス・設備,レジ処理の速度,"['混んでいる', 'レジ', '二個', '代用', '他のレジ', '開けて欲しい']"
重量のあるスヌーピーのお菓子詰め合わせが何日も、ぶら下がっています...が、これに3回頭を強打しました 苦情はないのでしょうか 頭がズキズキしています 。,商品,菓子・珍味,"['スヌーピー', 'お菓子詰め合わせ', '頭を強打']"
従業員の方もとてもスムーズに対応してくださり混まずに会計ができ良かったです 。,サービス・設備,レジ処理の速度,"['従業員', 'スムーズ', '対応', '会計']"
定員さん親切に買いたいものを一緒に探してくれました。,サービス・設備,接客態度,"['定員', '親切', '買いたいもの', '探す']"
閉店間際にお惣菜１０％引きじゃ廃棄が増えるのでは？？。,商品,デリカ,"['お惣菜', '廃棄']"
朝早く利用してます 他のお店は開店してないので助かってます 開店間際は他のお客様も少なく、ゆっくり買い物か出来て、駐車場も近くに止められるので重い買い物も出来ます これからも利用したいと思います。,サービス・設備,駐車場,"['朝早く', '開店間際', '駐車場', '重い買い物']"
自転車が停められなくて困りました。,サービス・設備,サイクル,"['自転車', '停められない', '困りました']"
リニューアル前だから？欠品が多かっつです 。,サービス・設備,欠品,"['リニューアル', '欠品']"
電化製品も購入しようかと子供と行ったのですが担当がいなく詳しい内容もわからず買わずに帰りました 詳しい方はいて欲しいですあとクーポンの品を把握していない定員さんばかりで買い物がとても不便でした。,サービス・設備,ホームエレクトロニクス,"['電化製品', '担当', '詳しい内容', 'クーポン', '定員さん', '買い物', '不便']"
柔軟剤と洗濯洗剤の大容量を置いて欲しいです！。,商品,ホームグッズ,"['柔軟剤', '洗濯洗剤', '大容量']"
レジSさん良い応対です 。,サービス・設備,接客態度,"['レジS', '良い応対']"
重い買い物をしたかごを、台まで運んでもらって、助かりました。,サービス・設備,接客態度,"['重い買い物', '運んでもらった', '助かりました']"
地下二階にいた細いおばさんのレジさんが何も出来ない 。,サービス・設備,接客態度,"['地下二階', '細いおばさん', 'レジさん', '何も出来ない']"
タメ口の定員さんがいて気分が悪い。,サービス・設備,接客態度,"['タメ口', '定員さん', '気分が悪い']"
よく色々な地区で利用してますが四国中央店のレジ対応は不愉快です 私語も多く、態度が悪いです 自分がお客なら同じようにされて気持ち良いでしょうか他店も同じで全体に良い印象がないです 。,サービス・設備,接客態度,"['四国中央店', 'レジ対応', '不愉快', '私語', '態度', 'お客', '同じ', '気持ち良い', '他店', '全体', '印象']"
このままのサービスでお願いします 。,サービス・設備,商品知識,[]
特にスムーズでした 。,サービス・設備,レジ処理の速度,['スムーズ']
安くて良いが、店外汚い。,サービス・設備,店内の清潔度,"['安くて良い', '店外汚い']"
カートを使ったんですが袋代が加算されてました お店の中もカートを使うと入れないところもあり見にくかってです 。,サービス・設備,商品陳列,"['カート', '袋代', 'お店の中', '見にくい']"
広々としていてよかった。,サービス・設備,店内レイアウト,['広々']
今日はレジがとても混んでいました 。,サービス・設備,レジ処理の速度,"['レジ', '混んでいる']"
買いたい商品を一品忘れたら、取りに戻ることなくレジまで持って来てもらいました レジのMさんの対応のおかげです ありがとうございました 。,サービス・設備,レジ処理の速度,"['買い物', '商品', 'レジ', '対応', 'おかげ', 'ありがとう']"
クーポンの品（ナビスコのクラッカー）が見つけにくかった。,商品,商品陳列,"['クーポン', 'ナビスコ', 'クラッカー']"
レジの店員さんの声が全然聞こえなかったのでもう少し大きい声を出してくれるとありがたいです 。,サービス・設備,接客態度,"['レジ', '店員', '声', '聞こえない', '大きい声']"
Mさん、Sさん　対応がいいが、茶髪なのが気になる,サービス・設備,接客態度,"['対応', '茶髪']"
店の人親切です・,サービス・設備,接客態度,['親切']
レジ混みすぎ！ティシュを品出ししていた男性店員がさつ!。,サービス・設備,レジ処理の速度,"['レジ', '混みすぎ', 'ティシュ', '品出し', '男性店員', 'さつ']"
広くて一階と2階を見るの大変だなーと思いました 。,サービス・設備,店内レイアウト,"['広い', '一階', '2階']"
買い物袋を忘れた時、マジカで支払うともらえたので助かりました 。,サービス・設備,レジ処理の速度,"['買い物袋', 'マジカ', '支払う', '助かりました']"
お刺身を取り扱ってほしい。,商品,フード＆ドリンク,['お刺身']
レジの人の声が小さかった 。,サービス・設備,音響設備,"['レジ', '声', '小さい']"
レジ係はぶすっとしていてヤダなぁと思ったが、キャベツをビニール袋に入れてくれたり、仕事は丁寧だった 。,サービス・設備,接客態度,"['レジ係', 'ぶすっと', 'ヤダ', 'キャベツ', 'ビニール袋', '丁寧']"
本屋さんを置いて。,サービス・設備,店内レイアウト,"['本屋', '置いて']"
キャットフードをもう少しお安くしてもらいたいです 。,商品,ペット＆ガーデン,"['キャットフード', 'お安く']"
Sさん？の対応がとても良かったです。,サービス・設備,接客態度,"['Sさん', '対応', '良かった']"
お弁当のオカズを安く売ってほしい!!。,商品,デイリー,"['お弁当', 'オカズ', '安く']"
店内で品出し中、従業員同士の長いお喋りが目立ちます 。,サービス・設備,接客態度,"['品出し', '従業員', 'お喋り']"
特価商品を陳列する時間帯の工夫。,商品,商品陳列,"['特価商品', '陳列', '時間帯', '工夫']"
いつも丁寧な対応ありがとうございます 。,サービス・設備,接客態度,['丁寧な対応']
店員さんがコスプレ？(⁠カチューシャ⁠)していて可愛かった 対応も丁寧でした 。,サービス・設備,接客態度,"['店員さん', 'コスプレ', 'カチューシャ', '可愛い', '対応', '丁寧']"
なんでも安くてよく利用するが、夜遅く買い物に行った際、従業員数が少ないのかもしれないが通路に空き段ボールが放置していて整理されていない感じがした そこで作業中なら仕方ないが従業員はそばにいなかったのが残念であった！。,サービス・設備,店内の清潔度,"['従業員数', '通路', '段ボール', '整理']"
愛知県稲沢市のドンキホーテ稲沢東店でほぼ買い物をしているのですが朝から食品レジにいる「X」さんという店員さんの態度がいつも気になりますこちらがドリンクは倒して入れてください等、話しかけても完全無視です！相槌もうたずの無視ですもう少し研修するなり、お客に対しての対応に気を遣っていただきたいです。,サービス・設備,接客態度,"['ドンキホーテ', '稲沢東店', '買い物', '食品レジ', 'Xさん', '態度', '気になる', '話しかけ', '無視', '研修', '対応']"
トイレットペーパー安くして欲しい 。,商品,デイリー,"['トイレットペーパー', '安く']"
Tがとにかく溜口でなれなれしい,サービス・設備,接客態度,"['溜口', 'なれなれしい']"
クーポン発券機を直してほしいです 。,サービス・設備,その他設備,"['クーポン発券機', '直してほしい']"
今日は入口にお茶の箱売りがあり、購入しました たくさんありました ついでにきのこの里も安かったので買いました 。,商品,デイリー,"['お茶', '箱売り', 'きのこの里']"
レジの対応はいつも丁寧です 。,サービス・設備,接客態度,"['レジ', '対応', '丁寧']"
また、フライパンの、安売りをして下さい。,商品,ホームグッズ,"['フライパン', '安売り']"
品揃えが良かった。,商品,商品陳列,"['品揃え', '良かった']"
レジの待ち時間を減らして欲しい！家電やジュニア服を増やして欲しい！お寿司やお弁当等もとても美味しく好きです オリジナルデザートがたくさんあったらいいなぁ 勝幡のサービスカウンターでお中元を送る時に対応してくれた女性がとても詳しく的確、迅速な対応で旦那と笑顔で帰宅しました^_^その時はありがとうございました 。,サービス・設備,商品陳列,"['レジ', '待ち時間', '家電', 'ジュニア服', 'お寿司', 'お弁当', 'オリジナルデザート', '勝幡', 'サービスカウンター', 'お中元', '対応', '女性', '詳しく的確', '迅速', '笑顔', '帰宅', 'ありがとうございました']"
以前より高くなっている 。,商品,商品知識,['高くなっている']
携帯で、クーポンを探すのが大変。,サービス・設備,割引サービス,"['携帯', 'クーポン', '探す']"
優しい定員さんばかりで買い物してて楽しい買い物になります。,サービス・設備,接客態度,"['優しい', '定員さん', '買い物', '楽しい']"
みんなが驚くような商品価格でたまには、売ってください 。何が驚安商品なのか。,商品,商品知識,"['驚安商品', '商品価格']"
値段も安く、ドンキブランドの商品も大好きです！。,商品,商品価格,"['値段', '安い', 'ドンキブランド']"
レジのいとうさんとても感じも対応も良かったです。,サービス・設備,接客態度,"['レジ', 'いとうさん', '感じ', '対応', '良かった']"
2.2ミリの太麺パスタを入れて下さい 。,商品,デイリーグッズ,['太麺パスタ']
名前を見そびれましたが、レジの方の対応は良かったです 。,サービス・設備,接客態度,"['レジ', '対応', '良かった']"
ヨーグルトの種類を増やしてほしいです！！。,商品,デイリー,"['ヨーグルト', '種類', '増やす']"
地下に降りる階段のセールスが毎回毎回うざい。,サービス・設備,接客態度,"['階段', 'セールス', 'うざい']"
いつもペットボトルのお茶をケース購入します １０月には値上げになるので駆け込み購入者が増えると思うので在庫の強化をお願いします 。,商品,デイリー,"['ペットボトル', 'お茶', 'ケース購入', '値上げ', '在庫', '強化']"
欲しい商品が売り切れていた、すぐ補充して欲しい。,商品,商品在庫,"['売り切れ', '補充']"
レジで親切にマジカの事を教えてくださいました 。,サービス・設備,接客態度,"['レジ', '親切', 'マジカ']"
道路が混んでいて入りにくかった。,サービス・設備,駐車場,"['道路', '混んでいる', '入りにくい']"
毎回レシートが長くてクイックペイが嫌いになりそうです。,サービス・設備,レジ処理の速度,"['レシート', 'クイックペイ']"
人によって違うので、駄目な態度の人も確かにいるし、ちゃんと対応される方もおられるので、一概には言えない 。,サービス・設備,接客態度,"['態度', '対応']"
サイトウの名前の人のレジで会計をしたが、袋が必要ですか、会計６番です しか言われなかった 接客できる人のレジを通ってると、すごく目立つ 。,サービス・設備,接客態度,"['サイトウ', '名前', 'レジ', '会計', '袋', '会計６番', '接客', '目立つ']"
我が家の在庫がすぐ無くなるので、ギャッツビーの洗顔をいつでも安くしてほしいです 。,商品,スキンケア,"['ギャッツビー', '洗顔']"
レジの方が早口で何度も聞き返してしまいましたすみませんでした。,サービス・設備,接客態度,"['レジ', '早口', '聞き返し']"
袋詰めまでしていただき、有り難かった 。,サービス・設備,接客態度,"['袋詰め', '有り難い']"
入店時レジは空いていましたが、「いらっしゃいませ」はありませんでした 。,サービス・設備,接客態度,"['入店時', 'レジ', '空いていました', 'いらっしゃいませ']"
1階のレジを複数にしてほしいです 食品を少し購入するだけで長い列に並ぶのは嫌です 。,サービス・設備,レジ処理の速度,"['1階', 'レジ', '複数', '食品', '列', '並ぶ']"
店員は良かったけど、くじの意味有りますか？アンケートを取るだけの当たりの無いくじでは？仕事場は2000人近くいますが、当たった人は聞いた事無いです 。,サービス・設備,その他サービス,"['くじ', '当たり']"
サービスカウンターにベルがなく 何度かウロウロしながら反対側にベルが故障しています の張り紙が どちら側にも貼っていてほしかったです 。,サービス・設備,接客態度,"['サービスカウンター', 'ベル', '故障', '張り紙']"
スタッフの皆さんがキビキビと働いていて、いつ行っても気持ちが良いです！！。,サービス・設備,接客態度,"['スタッフ', '働いている', '気持ちが良い']"
いい店。,サービス・設備,接客態度,"['いい', '店']"
言葉使いが良かった。,サービス・設備,接客態度,"['言葉使い', '良かった']"
野菜があまり新鮮ではない椎茸も並んでる時点で既に赤っぽかったり　。,商品,ベジタブル・フルーツ,"['野菜', '新鮮', '椎茸']"
今日は食品類あまり特に安くワクワクする商品が無かったです。,商品,デイリー,"['食品', '安い']"
クーポン取得したが品切れだった騙された気分。,商品,欠品,"['クーポン', '品切れ', '騙された']"
店員の対応が良かった。,サービス・設備,接客態度,[]
入口の買い物かご、高く積まれいてチビの私にはとりにくかった 。,サービス・設備,商品陳列,"['買い物かご', '高く積まれて', 'チビ']"
PayPayが使えないなら使えないってレジとかに表示しておいて欲しいです。,サービス・設備,レジ処理の速度,"['PayPay', '使えない', '表示']"
伊勢市のごみ袋、少し高いかなと思います 。,商品,デイリー,"['伊勢市', 'ごみ袋', '高い']"
レジの改善。,サービス・設備,レジ処理の速度,['改善']
Calbeeのポテトチップスのセールをお願いします!!ドラッグストアよりドンキが安いのは知ってますが、もう少しだけで良いので値下げをお願いしますm(_ _)m。,商品,デイリー,"['Calbee', 'ポテトチップス', 'セール', '値下げ']"
キャラパキ安くしてほしい キャンペーン葉書をおいてほしい 。,商品,トイ＆バラエティ,"['キャラパキ', '安く', 'キャンペーン葉書']"
飲み物売り場で買いたかったUccのブラックコーヒー無糖がまた売り切れてました たびたびあるんですがどうにかしてください 。,商品,フード＆ドリンク,"['Ucc', 'ブラックコーヒー', '無糖']"
トマトを安くして欲しい。,商品,デイリー,"['トマト', '安く']"
食料品を安くして欲しい。,商品,デイリー,"['食料品', '安く']"
トラベル用のシャンプーセットなどを置いて欲しい 。,サービス・設備,ホームグッズ,"['トラベル', 'シャンプーセット']"
クーポンサービスわかりにくい,サービス・設備,割引サービス,"['クーポンサービス', 'わかりにくい']"
アプリ　アップデートしたら、異常に使いづらい 元のほうがよかった！！。,サービス・設備,商品知識,"['アプリ', 'アップデート', '使いづらい', '元のほうがよかった']"
着圧の安いストッキングがあると嬉しいです 。,商品,ファッション＆カバン,"['着圧', '安い', 'ストッキング']"
h&sのシャンプーとコンディショナーを安くして欲しいです。,商品,ヘルスケア,"['シャンプー', 'コンディショナー', '安く']"
手ぶら便の対応が悪い 効率が悪くモタモタしている 。,サービス・設備,ホームグッズ,"['手ぶら便', '対応', '効率', 'モタモタ']"
スムーズで対応も良かったです 。,サービス・設備,接客態度,"['スムーズ', '対応', '良かった']"
覚えたら棚変え‼️覚えたら棚変え‼️。,商品,商品陳列,['棚変え']
サラダチキンと燻麦値段戻して下さい。,商品,デイリー,"['サラダチキン', '燻麦', '値段']"
　　レジの方の対応がとても良かったです 。,サービス・設備,接客態度,"['レジ', '対応', '良かった']"
欲しい食品の商品が店内すぐ入ってあって買い物しやすかった！。,商品,商品在庫,"['食品', '商品', '店内', '買い物']"
外国人のスタッフの方が丁寧に対応してくださりました 。,サービス・設備,接客態度,"['外国人', 'スタッフ', '丁寧']"
レジ係のIさんに親切に対応して頂きました ありがとうございます 。,サービス・設備,接客態度,"['レジ係', 'Iさん', '親切', '対応']"
通路が狭い 高い処の商品が取りにくい 。分かりにくい,サービス・設備,店内レイアウト,"['通路', '狭い', '高い', '取りにくい', '分かりにくい']"
よくドンキに行きますが野菜、果物は購入する気持ちになれません!。,商品,ベジタブル・フルーツ,"['野菜', '果物']"
リンゴのバラ売りと袋とが違う場所にあり、バラ売りが欲しかったのに諦めそうになりました 同じ物はまとめてもらえると探しやすいです 。,商品,商品陳列,"['リンゴ', 'バラ売り', '袋']"
ビジネスシューズが増えました 。,商品,ファッション＆カバン,"['ビジネスシューズ', '増えました']"
いつもお値打ち商品ありがとうございます❗今回　いかげそ　がなくて購入出来ませんでした また　納入しておいて下さいませ 。,商品,商品在庫,"['いかげそ', '購入']"
大きい子供用のオモチャを持てる限り持って並んでいました 順番がきたのでマジカカード提出後、買い物袋を下さいと言うと、カートを使ってないのでと断られました 目の前にあるカートに入れて並び直して下さいと わざわざ持てる限り持って並んでるのに嫌がらせとしか思えませんね 他のお客の前で晒された気分でした あの店員さんには不満しかないです その後、一階で食品を買ってレジに並ぶとまたその店員さんがいました カード支払いが終わると一品だけレジを打ち忘れたと言われ結局一品だけ現金で購入しました 不愉快極まりない。,サービス・設備,接客態度,"['オモチャ', 'カート', '買い物袋', 'マジカカード', 'レジ', '食品', '現金']"
牛脂の場所がよくわからなかった ステーキ肉の近くにあると嬉しいです 。,商品,デイリー,"['牛脂', 'ステーキ肉']"
駐輪場が狭いです。,サービス・設備,駐車場,"['駐輪場', '狭い']"
インスタラーメンをもっと安くしてほしい 一人暮らしの男性には必需品です 。,商品,デイリーグッズ,"['インスタントラーメン', '安く']"
レジが混まないように…。,サービス・設備,レジ処理の速度,['混まない']
重たい荷物(お米)を前の机まで運んでもらえてとても助かりました。,サービス・設備,店内レイアウト,"['重たい荷物', 'お米', '前の机', '運ぶ']"
9月15日午後3時頃来店 品出ししてる従業員、商品を取りたいのに台車をどかしてくれず目が合ったにも関わらず黙々と作業を続けた どこもかしこも商品棚の前に段ボールの山 棚に並んでる商品取れない 人手不足なら手が回らない段ボールはバックヤードに置いておくべきでは？。,サービス・設備,商品陳列,"['品出し', '台車', '目が合った', '作業', '商品棚', '段ボール', '人手不足', 'バックヤード']"
レジのMさんはとても親切です 私のお気に入り,サービス・設備,接客態度,['親切']
ヘアカラーの下の棚が埃っぽかったです 。,サービス・設備,店内の清潔度,"['ヘアカラー', '下の棚', '埃']"
クーポン取得する際、カテゴリーわけがされてないので、探す事が面倒くさいです クーポンを探す時間も短縮したいので、これからはあまり、利用しないと思います 高齢の母は普段から、食品系と生活雑貨系の購入がおもですので、ますますドンキホーテの利用は少なくなると思います 画面が急に変わった事により少しパニックになっていたので 未だにドンキホーテで買物した事を、ピアゴで買物して来た と、話すので笑。,サービス・設備,割引サービス,"['クーポン', 'カテゴリー', '探す', '時間短縮', '利用しない', '高齢の母', '食品', '生活雑貨', 'ドンキホーテ', '画面', 'パニック', 'ピアゴ', '買物']"
このくじがもう1年以上当たってないけど、どんな確率なんでしょうかね?!。,サービス・設備,その他サービス,"['くじ', '当たる', '確率']"
レジがすいていた為、袋に入れて下さって助かりました 袋が無料も有難い 。,サービス・設備,レジ処理の速度,"['レジ', '袋', '無料']"
30MS 30MMは、人気があるプラモなので少数で良いので入れて欲しい特に本体よりもオプションパーツ類また　プラモ系を取り扱っている店舗の情報をSNSで表示してほしい。,商品,トイ＆バラエティ,"['プラモ', 'オプションパーツ', '店舗', 'SNS']"
野菜類がもう少し安くなるようになれば良いのですが。,商品,ベジタブル・フルーツ,['安くなる']
平日なのかレジは二つしか開いてなくて凄い行列でレジ待ちしてました 頭に来てので近くの従業員に話したらすぐレジを開けてくれました レジの人は並んでる人を見て応援を頼まないのですか？教育がなってないっておも。,サービス・設備,レジ処理の速度,"['平日', 'レジ', '行列', '待ち', '従業員', '応援', '教育']"
混んでいても、空いてるレジに誘導してくれて、前に置いていた商品が見当たらなく、店員さんに、聴くと、端末で在庫などを確認してくれて、親切丁寧な対応をしてくださいました 季節の移り代わりの商品などわかりやすく、値下げ品も満足して買えます 。,サービス・設備,レジ処理の速度,"['混んでいる', '空いている', '誘導', '商品', '在庫', '親切', '丁寧', '季節の移り変わり', '値下げ品']"
希望している商品があったりなかったりして定期的に続けて購入が出来ず困る 安定して入荷してほしい 。,商品,商品在庫,"['希望', '商品', '定期的', '購入', '入荷']"
買い物しやすかった。,サービス・設備,店内レイアウト,"['買い物', 'しやすかった']"
会計中のチャージ？が面倒で1度お断りしましたが、簡潔･丁寧に説明して操作してくれた若い女性レジの方、ホント印象良かったです ありがとうございました 。,サービス・設備,接客態度,"['会計中', 'チャージ', 'お断り', '説明', '操作', '若い女性レジ', '印象良い']"
冷凍食品を購入したがドライアイスが必要か声掛けが無かった後から請求した。,商品,デイリー,"['冷凍食品', 'ドライアイス', '声掛け', '請求']"
レジが混んでる 。,サービス・設備,レジ処理の速度,['混んでる']
場所がわからないので店員に聞きたいのに、店員がいない そのくせ、3人くらいでいつもおしゃべりしてる。,サービス・設備,接客態度,"['場所', '店員', '聞きたい', 'いない', 'おしゃべり']"
あれだけのスタッフがいるにも関わらず、品出しと在庫管理が出来てないと思った 昨日買わずに帰ってしまった商品を探したら、品出しされてた分は売れたようで棚にはありませんでした 聞けば持ってきてくれたのかもしれないけど、あまり人と話すのは苦手なのであきらめました あと、使い捨てのスプーンを探してたのですが、昨日からなくて今日もありませんでした くまなく確認してるのか、疑わしいです ないなら売切れですとか、補充してませんとか、客が見てわかるような表示をした方がいいと思います 数年前は、クーポン対象商品が売れてしまってないということもありました 。,サービス・設備,商品在庫,"['スタッフ', '品出し', '在庫管理', '商品', '棚', '話す', '使い捨てのスプーン', '確認', '売切れ', '補充', '表示', 'クーポン対象商品']"
探さなかったクーポン利用予定だった商品をレジで声掛けしていただき、持ってきていただきました ありがとうございました 。,サービス・設備,割引サービス,"['クーポン', '利用予定', '商品', 'レジ', '声掛け', '持ってくる', 'ありがとう']"
冷凍食品用のドライアイスが欲しい ドンペンのUFOキャッチャーがぜんぜん取れない 。,商品,デイリーグッズ,"['冷凍食品', 'ドライアイス', 'ドンペン', 'UFOキャッチャー']"
夏場の便座の温度はもっと下げて欲しい 。,サービス・設備,ハンディキャップ対応,"['便座', '温度', '夏場']"
間違えの多い人でした レジを打っている時に間違えを１つ見つけましたが、帰ってきてから家で見直したら、もう一つ、2個しか買ってないものが3個に打たれてました 忙しかったので、そのままにしてしまいましたが、せっかく安いものを買ったのに残念です 。,サービス・設備,接客態度,"['間違え', 'レジ', '買った', '安いもの']"
忙しいか、コロナウイルスか余り、声かけは有りません お客さまの籠から袋が落ちて、レジの補佐の人がその袋を誤って踏みそのままお客さまの籠に返してました 商品を取り変えた方が良かったのではないかな。,サービス・設備,接客態度,"['忙しい', 'コロナウイルス', '声かけ', '袋', 'レジ', '補佐', '踏む', '籠', '商品', '取り変える']"
食料品、特に冷凍食品を増やしてほしい。,商品,デイリー,"['食料品', '冷凍食品']"
お客が従業員の近くを通っても、またお客の姿を見ても、「いらっしゃいませ」の言葉が無かった 接客用語が出来きていなかった 。,サービス・設備,接客態度,"['いらっしゃいませ', '接客用語']"
Sさんの対応が丁寧でとても良かったです。,サービス・設備,接客態度,"['Sさん', '対応', '丁寧', '良かった']"
お菓子の驚安のものが以前より凄く少なくなった気がします 。,商品,菓子・珍味,"['驚安', '少ない']"
アイスクリームをかったので、ドライアイスを、聞いて頂き、解けずに持ち帰ることが出来、助かりましたありがとございます 　ちんすこう見つけてラッキー。,商品,デイリー,"['アイスクリーム', 'ドライアイス', 'ちんすこう']"
レジの手際が良くスムーズに会計処理が終わった。,サービス・設備,レジ処理の速度,"['手際', 'スムーズ', '会計処理']"
レジ担当の方が、すごくいい方だった 。,サービス・設備,接客態度,"['レジ担当', 'いい方']"
銀座店のサッカー台にゴミ箱を設置してほしいです よろしくお願いします 。,サービス・設備,店内レイアウト,"['銀座店', 'サッカー台', 'ゴミ箱', '設置']"
いつもらっきょうの甘酢漬けが品切れしてるので、たくさん入れて欲しい 。,商品,デリカ,"['らっきょう', '甘酢漬け', '品切れ']"
駐車場の入り口の警備員さんの対応が悪く、非常に気分が悪かった。改善してほしい。,サービス・設備,駐車場,"['警備員', '対応', '改善']"
野菜を多く仕入れてください 。,商品,ベジタブル・フルーツ,"['野菜', '仕入れ']"
箸を着けるか聞いてくれた。,サービス・設備,接客態度,['箸']
問い合わせに対して、その商品はまだ入荷していないとのことでしたが、以前あったから聞いてみたのに入荷指定なしていないの意味がわからなかった 笑顔も見うけられない 無愛想だった 。,サービス・設備,接客態度,"['入荷', '入荷指定', '意味', '笑顔', '無愛想']"
箸を着けるか聞いて欲しい。必要だったのに入っていなかった,サービス・設備,店内の清潔度,"['箸', '着ける', '入っていなかった']"
食品もっと安くして。,商品,デイリー,"['食品', '安く']"
ペットボトル飲料が高い。,商品,デイリー,"['ペットボトル', '飲料', '高い']"
女性の店員さんのレジの対応がとても良いです 。,サービス・設備,接客態度,"['女性', '店員', 'レジ', '対応', '良い']"
majica払いを丁寧に教えてくれスムーズに会計ができました 期日が迫っているポイントもありそれから利用してと教えていただきポイントも捨てずに済みました ちなみにキャンペーンの300ポイントでした 。,サービス・設備,レジ処理の速度,"['majica払い', '会計', 'ポイント', 'キャンペーン']"
通路に品物がいっぱい通れない。,サービス・設備,商品陳列,"['通路', '品物', '通れない']"
入口付近が、狭い よく、エスカレーターが、停まってる改善を！。,サービス・設備,店内レイアウト,"['入口', '狭い', 'エスカレーター', '停まってる', '改善']"
みなさん丁寧に対応してくれました 。,サービス・設備,接客態度,"['丁寧', '対応']"
お名前は覚えておりませんが、新人さんマークが付いた方でしたが、対応が良くスムーズでした 。,サービス・設備,接客態度,"['新人', '対応', 'スムーズ']"
レジに行列ができていた中、会計レジのトラブル？でレジに入っていた店の人がいなかった でもちょっとしたら他のレジが開き始めたからよかった。,サービス・設備,レジ処理の速度,"['行列', 'トラブル', '店の人', '開き始めた']"
気持ちの良い対応でした。,サービス・設備,接客態度,"['気持ちの良い', '対応']"
カートに会計済のかごをのせてくださいました 重いかごだったのでたすかりました 。,サービス・設備,レジ処理の速度,"['カート', '会計済', 'かご', '重い']"
レジの若い店員さんが優しそうだった 日替わり商品がすごく安いので毎日行っています 。,サービス・設備,商品価格,"['レジ', '店員', '優しい']"
Kさんという従業員の方が、重い箱のドリンクを運んでくれました いつも親切にしてくださる方で、助かります ありがとうございました 。,サービス・設備,接客態度,"['Kさん', '従業員', '重い箱', 'ドリンク', '親切', '助かります', 'ありがとうございました']"
袋詰する台まで遠いし狭い 。,サービス・設備,店内レイアウト,"['袋詰', '台', '遠い', '狭い']"
任天堂Switchのソフトを購入した 後で確認したら同じビル内のゲーム機販売店の方が千円安かったのでガッカリした 。,商品,ホームエレクトロニクス,"['任天堂Switch', 'ソフト', '購入', 'ビル内', 'ゲーム機販売店', '千円安', 'ガッカリ']"
今日も、身障者用の駐車スペースに健常者の車が堂々と、駐車されていた まだこんな事してまで近くに駐車したがる人がいるようだ なんらかの対策して欲しい とても気になる 。,サービス・設備,ハンディキャップ対応,"['身障者用駐車スペース', '健常者の車', '対策']"
Vさんの対応が良かった いつも、明るく元気 。,サービス・設備,接客態度,"['対応', '良い', '明るい', '元気']"
買い物カゴに焼き鳥のタレ？みたいな汚れが少しついていました しっかりと拭き取り消毒していただきたいです 。,サービス・設備,店内の清潔度,"['焼き鳥のタレ', '汚れ', '拭き取り', '消毒']"
レジの方が笑顔で対応されてました！。,サービス・設備,接客態度,"['笑顔', '対応']"
他店舗で実施しているアプリ会員限定でレジ袋をもらえるサービスをいろいろな店舗でも実施してくれるとありがたいです 。,サービス・設備,商品知識,"['アプリ会員限定', 'レジ袋', 'サービス']"
レジの対応が良かったです。,サービス・設備,接客態度,"['レジ', '対応', '良かった']"
始まったばかりだったかもしれませんが、ビールの箱に貼るシールが無いとか、隣のレジに聞いてましたよ。,商品,商品在庫,"['ビール', '箱', 'シール', '無い']"
研修中の若い女性の対応が見ていてとても気持ちよく感心します（名前を覚えてなくて申し訳ありません）従業員の皆さん達はいつも親切ですが特に感じます　好きな店舗です。,サービス・設備,接客態度,"['研修中', '若い女性', '対応', '気持ちよい', '感心', '親切', '好きな店舗']"
高松店に有名なブランド品を増やして欲しい 。,商品,ブランドファッション,"['高松店', '有名なブランド品']"
丁寧な対応でした 。,サービス・設備,接客態度,['丁寧な対応']
洗剤類をもう少し安くしてほしい。,商品,デイリー,"['洗剤', '安く']"
マイナーでもお米で単一米が安いと嬉しい。,商品,デイリー,"['お米', '単一米', '安い']"
5.6コ入の菓子パンが魅力的なものが全くない事が多い。,商品,デイリー,"['菓子パン', '魅力的']"
陳列しているおじいさんの店員が一生懸命頑張っていて、愛想もよくて優しかった！若い人の方が愛想も悪くて見習って欲しいと思った。,サービス・設備,接客態度,"['おじいさん', '店員', '頑張っている', '愛想', '優しい', '若い人']"
食品を安くしてほしい！。,商品,フード＆ドリンク,"['食品', '安く']"
毎回対応が丁寧だから感じがいいので利用しやすい。,サービス・設備,接客態度,"['対応', '丁寧', '感じがいい', '利用しやすい']"
レジの場所が分かりづらい。,サービス・設備,店内レイアウト,"['レジ', '場所', '分かりづらい']"
子供服をもっと増やして欲しいです 。,商品,ファッション＆カバン,"['子供服', '増やす']"
レジの待ち時間がいつも長い!是非改善願います 。,サービス・設備,レジ処理の速度,"['レジ', '待ち時間', '改善']"
ちいかわの商品食品を販売して欲しいです。,商品,デイリー,"['ちいかわ', '商品', '食品', '販売']"
あの店員がいるうちは何度かいこうと思う,サービス・設備,接客態度,['店員']
お肉安くして欲しい 。,商品,フレッシュミート,"['お肉', '安く']"
いつもレジの対応が早くて嬉しいです 。,サービス・設備,レジ処理の速度,"['レジ', '対応', '早い']"
ドリンクの種類を増やして欲しいです！。,商品,フード＆ドリンク,"['ドリンク', '種類', '増やす']"
発泡酒が？他店より、高い。,商品,フード＆ドリンク,"['発泡酒', '他店', '高い']"
みかんの缶詰が　ずっとありません。,商品,商品在庫,"['みかん', '缶詰']"
麦茶が安くて良かった。,商品,デイリー,"['麦茶', '安い']"
最近レジが混まないからありがたい 。,サービス・設備,レジ処理の速度,"['レジ', '混まない', 'ありがたい']"
駐輪場の放置自転車を片付けて 麒麟の酎ハイグレープ味、500mlも販売して 酎ハイを冷やして 今日は店員さんの挨拶が多くて気持ちよかったです 。,サービス・設備,サイクル,"['駐輪場', '放置自転車', '片付け']"
店員さん若いのに活気がないね。,サービス・設備,接客態度,"['店員さん', '若い', '活気']"
クーポンの品物が切らして無かった。,商品,欠品,"['クーポン', '切らして', '無かった']"
今日の食品売り場は補充用商品の箱があちこちに乱雑に置かれていました ほぼ商品棚の隅に重ねて置いてありましたが綺麗に置かれてないのでカートの車輪が引かかって歩き辛かったです レジは、スムーズにお会計出来ました ありがとうございました 。,商品,商品陳列,"['補充用商品', '箱', '乱雑', '置かれていない', 'カート', '車輪', '歩き辛い']"
購入した商品を詰める場所が狭い為、利用づらいです、利用づらいと購入もひかえめになるので是非改善お願いします 。,サービス・設備,商品陳列,"['詰める場所', '狭い', '利用づらい', '改善']"
店員さんの対応がよかった。,サービス・設備,接客態度,[]
箱じゃないガリガリ君を置いてほしい 。,商品,デイリーグッズ,['ガリガリ君']
従業員のレジ担当の田村さんの対応が良かったです 次の買い物の時も田村さんのレジにならびたいと思っています 。,サービス・設備,接客態度,"['従業員', 'レジ担当', '田村さん', '対応', '良かった', '次の買い物']"
レジスタッフさんは、どの方も、笑顔で、嫌な気分になったことがないです 。,サービス・設備,接客態度,"['レジスタッフ', '笑顔', '嫌な気分']"
ＱＵＩＣpayで支払いで10%OＦＦにするならば、majicaにチャージして支払いをした場合でも、5パーセント〜10%程度OＦＦにしていただけるとありがたいです どんなものでしょうか？。,サービス・設備,商品知識,"['ＱＵＩＣpay', '支払い', '10%OFF', 'majica', 'チャージ']"
セルフレジを導入していただきたい 。,サービス・設備,レジ処理の速度,"['セルフレジ', '導入']"
酒類の台車ので位置が気になる。,サービス・設備,ベジタブル・フルーツ,"['酒類', '台車', '位置', '気になる']"
デニッシュ食パンが好きなので、置いてもらえると嬉しいです 。,商品,デイリー,"['デニッシュ食パン', '好き', '置いてもらえる', '嬉しい']"
特売品以外の商品も出来る限り安くして欲しい。,商品,商品知識,"['特売品', '安く']"
トイレの便器を新しく改修して欲しいです 。,サービス・設備,トイレ設備,"['トイレ', '便器', '改修']"
ビールを安く‼️。,商品,フード＆ドリンク,"['ビール', '安く']"
見た目で敬遠していましたが、時々通ううちに考えが改まりました これからも宜しくお願い致します 。,サービス・設備,接客態度,"['改まる', '宜しくお願い致します']"
駐輪場と歩道にポン酢の割れた瓶が散乱してて危ない状態だった。,サービス・設備,安全対策,"['駐輪場', '歩道', 'ポン酢', '割れた瓶', '散乱', '危ない']"
今日は欠品が多過ぎる クーポンが発行出来ても､商品が欠品していて購入できなかったドン・キホーテ多摩瑞穂店。,サービス・設備,欠品,"['欠品', 'クーポン', '購入']"
クーポンの検索をしやすくして欲しいm(_ _)m。,サービス・設備,割引サービス,"['クーポン', '検索']"
キャンペーンに当たった事がありません❗。,サービス・設備,商品知識,"['キャンペーン', '当たったことない']"
いつも利用させていただいてます 品揃えが豊富で安くとても助かっております ありがとうございます 一つだけお願いするとしたら、韓国系のカップラーメンが食べたくて、高田馬場周辺で売っているところで思い浮かぶのはドンキだけだったので買いにいきましたが、韓国系の商品があまり陳列されたなくて少し残念でした 東府中のドンキに行った時、韓国系のコーナーがあったりしてました 今、YouTubeなどでモッパン動画が流行っているので、ぜひ高田馬場のドンキ様にも韓国系の商品を取り扱っていただきたいと願ってます 。,商品,商品陳列,"['韓国系', 'カップラーメン', '高田馬場', 'ドンキ']"
以前あったドンキホーテオリジナルブランド冷凍食品のベリーミックスとパスタのにんにくペペロンチーノが最近見当たらないので、再度入荷してほしいです 。,商品,デイリー,"['ドンキホーテ', 'オリジナルブランド', '冷凍食品', 'ベリーミックス', 'パスタ', 'にんにくペペロンチーノ', '入荷']"
インスタントラーメンを安くしてほしい。,商品,デイリー,"['インスタントラーメン', '安く']"
アイスを持ってるのにレジに長く並ぶから溶けてしまうすごくそれが嫌。セルフレジはないのでしょうか,サービス・設備,レジ処理の速度,"['アイス', 'レジ', '溶ける']"
今日の買い物でレジ打ちのミスがあり(クイン)電話での対応は普通だったが0570-059-601に電話して音声入力2を押しても上手く作動されず何度も無駄に電話させられストレスを感じた 忙しいのは分かるが初歩的な電話の繋げ方や単純なレジ打ちの間違えでも信用出来ず、その都度、買い上げた品をその場でレシート確認をするのはストレスがあり困る 。,サービス・設備,接客態度,"['レジ打ち', 'ミス', '電話対応', '音声入力', 'ストレス']"
レジの方対応が良かった。,サービス・設備,接客態度,"['レジ', '対応', '良かった']"
majicaクーポンの商品持って行ったつもりが違った商品だったようでレジの人がその商品持ってくるように店員に連絡したところその店員も間違った商品持ってきて結果クーポンの商品はなかったそれってまぎらわしいと思いませんか？もっとわかりやすくして欲しいです。,サービス・設備,レジ処理の速度,"['majica', 'クーポン', '商品', '間違った', 'まぎらわしい', 'わかりやすく']"
女性のSZさんの対応迅速、丁寧で良かったです！。,サービス・設備,接客態度,"['女性', 'SZさん', '対応', '迅速', '丁寧', '良かった']"
冷凍食品の惣菜を増やして欲しい。,商品,デイリー,"['冷凍食品', '惣菜']"
夕方レジがめっちゃ混んでた 。,サービス・設備,レジ処理の速度,"['夕方', 'レジ', '混んでた']"
今日は　昼時に行ったからかな　レジが少し混んでいた　もう１列位開いてると良かったなと思った　でも余り時間は掛からなかった。,サービス・設備,レジ処理の速度,"['レジ', '混んでいた', '開いてる', '時間']"
さすがに、夜は、20時ですが、主婦の見方のもやしは、なくなってました 。,商品,デイリー,"['夜', '20時', '主婦', 'もやし', 'なくなってました']"
レジ待ち改善。,サービス・設備,レジ処理の速度,"['レジ待ち', '改善']"
男性の対応が悪かった。もういかない。,サービス・設備,接客態度,"['男性', '対応', '悪い']"
最初に並んでたレジで前のお客さんがちょっと時間かかりそうでした すぐに従業員の加藤さんが笑顔でこちらにどうぞとレジを開けてくれました ずっと笑顔で対応も良かったです 。,サービス・設備,接客態度,"['レジ', 'お客さん', '時間', '従業員', '加藤さん', '笑顔', '対応']"
北海道フェアみたいな感じで北の産地の物を売ってるのは魅力的だなと思いました 。,商品,デイリー,"['北海道フェア', '北の産地']"
従業員のカートや品出しの為のダンボールを毎日避けならが買い物をしています 「すみません」と一度も言われた事はありません もう、態度が悪くて当たり前だと思うようになりました 。,サービス・設備,接客態度,"['従業員', 'カート', '品出し', 'ダンボール', '買い物', '態度']"
冷えている飲み物の種類を増やして欲しい。,商品,デイリー,"['冷えている', '飲み物', '種類', '増やす']"
トイレットペーパーを安くして欲しいです 。,商品,デイリー,"['トイレットペーパー', '安く']"
バーゲンブックが良かった すみっコぐらしがあまりなかった 。,商品,トイ＆バラエティ,"['バーゲンブック', 'すみっコぐらし']"
昼に久々に行き空いていたのでゆっくり見れるかと思ったが品出しが多く通路通りたくても通れない スタッフ話ながらしている。,サービス・設備,商品陳列,"['品出し', '通路', 'スタッフ']"
レジのKさん？の対応と雰囲気がすごく良いです 。,サービス・設備,接客態度,"['Kさん', '対応', '雰囲気', '良い']"
韓国の冷凍食品があるのが嬉しい。,商品,デイリー,"['韓国', '冷凍食品']"
ベテランらしき人はいつも対応がよい。,サービス・設備,接客態度,"['ベテラン', '対応']"
レジがいつも混んでいて萎える 。,サービス・設備,レジ処理の速度,"['レジ', '混んでいる', '萎える']"
惣菜がいつも一緒。,商品,デリカ,['惣菜']
本日のレジKDさん、いらっしゃいませの挨拶も無しです、商品の取り扱いも非常に雑でした お伝え下さいませ 。,サービス・設備,接客態度,"['レジ', '挨拶', '取り扱い', '雑']"
最近ドンキ行ってなかったけと、やっぱり安くていいな～と思った。,商品,商品価格,"['ドンキ', '安い']"
野菜の種類を増やして欲しいです！。,商品,ベジタブル・フルーツ,"['野菜', '種類', '増やす']"
レジ担当者を増員願います 。,サービス・設備,レジ処理の速度,"['レジ担当者', '増員']"
レジ担当の方は対応がとても良かったです その他の従業員の方は相変わらず、お客を見ず目の前の自分の仕事しか見ていない印象です ”本日の特売“が増えた様に見えたのは良かったです 。,サービス・設備,接客態度,"['レジ担当', '対応', '従業員', 'お客', '特売']"
食品コーナーの品揃えが酷すぎる。,商品,デイリー,"['食品', '品揃え']"
レジはいつも対応が良い。,サービス・設備,レジ処理の速度,"['対応', '良い']"
ビオレのハンドソープが安くて助かります 。,商品,ホームグッズ,"['ビオレ', 'ハンドソープ', '安い']"
マルタイの長崎チャンポンをおいて下さい。,商品,デイリー,"['マルタイ', '長崎チャンポン']"
クジが当たらない ポイント還元が少なすぎる 頻繁に値上げしている 。,サービス・設備,商品知識,"['クジ', '当たらない', 'ポイント還元', '少なすぎる', '値上げ']"
現金払いが当たり前だったので、電子マネーとかpay払いはまだなれてないのでいろんなことがわからないことばかりです わからないとレジで戸惑って時間がかかり周りに迷惑をかけてしまいます 。,サービス・設備,レジ処理の速度,"['現金払い', '電子マネー', 'pay払い', 'レジ', '戸惑って', '時間がかかる', '周りに迷惑']"
面白五本指ソックスを仕入れてください 沢山買いますから秋冬アイテムをしいれてください フジパンのちくわパンがないので仕入れてください 。,商品,ファッション＆カバン,"['五本指ソックス', '秋冬アイテム']"
レジはそこまでお客さんに気を使わなくていいと思います 買い物しやすければそれで大丈夫です 。,サービス・設備,レジ処理の速度,"['レジ', 'お客さん', '買い物']"
店員さんはとても親切に対応して下さいました 。,サービス・設備,接客態度,"['親切', '対応']"
小カートに合わせてある影響か通常通路は大丈夫だが、陳列通路に入ると大カートが通れない通路が多い為に遠回りすることが多い 商品が多いのは見て回るのは楽しいし便利ではあるのだが、通路確保をお願いしたいです。,サービス・設備,商品陳列,"['通路確保', '小カート', '大カート']"
クーポン商品が見つからず、店員さんに訊ねたら快く案内してくれた いつも有り難うございます 。,サービス・設備,接客態度,"['クーポン', '商品', '見つからず', '店員さん', '訊ねた', '快く', '案内']"
きき湯を安くしてほしい。,サービス・設備,ホームグッズ,"['きき湯', '安く']"
清潔さ。,サービス・設備,店内の清潔度,['清潔さ']
レジご１台しか作動してなくかなり待たされた。,サービス・設備,レジ処理の速度,"['レジ', '待たされた']"
モルティーザースというチョコレートを取り扱って欲しいです 。,商品,デイリーグッズ,"['モルティーザース', 'チョコレート']"
レジの対応が親切で良かったです お刺身の切り身の品数増えたら嬉しいです 。,サービス・設備,レジ処理の速度,"['親切', 'お刺身', '切り身', '品数', '増える']"
電化製品あたりにいた年配の女性店員さんが店内の案内についてとても親切にしてくださいました 。,サービス・設備,接客態度,"['年配', '女性店員', '親切']"
こんでますネー。,サービス・設備,店内の清潔度,['混雑']
季節外れでもいちご置いて欲しいです 子供への手作り誕生日ケーキにいちごがあると嬉しいです 。,商品,デイリー,"['いちご', '手作り誕生日ケーキ', '子供']"
トイレが汚い。長居ができん,サービス・設備,店内の清潔度,"['トイレ', '汚い', '長居']"
食品季節入れ替えの為冷たいうどんのタレが無く探してたが陳列している人に聞いてもわからない?と答えてくれなかった 。,商品,デイリー,"['食品', '季節入れ替え', '冷たいうどん', 'タレ', '陳列']"
忙しい中、手際良くしていただきました 欲しいものも買えて良かったです 。,サービス・設備,接客態度,"['手際良く', '欲しいもの', '買えて良かった']"
カートの使用を推奨する割には通路が狭すぎる 踏み台で通せんぼされるとイラッとする 。,サービス・設備,店内レイアウト,"['カート', '通路', '狭い', '踏み台']"
店員さんとすれ違っても、誰からもいらっしゃいませのあいさつがなかった 。,サービス・設備,接客態度,"['店員', 'すれ違う', 'いらっしゃいませ']"
レジめっちゃ丁寧でよかったわ,サービス・設備,レジ処理の速度,['丁寧']
この日、迷子の子がいて、従業員の方に話したら、迷子の子の手を繋いで、その子の家族を探してくださってました 迷子の子は、嬉しそうに探しに行った姿を見て、私は安心しましたm(_ _)m。,サービス・設備,安全対策,"['迷子', '従業員', '探し', '安心']"
頑張って下さい。,サービス・設備,接客態度,['頑張って']
小岩井の生乳100％ヨーグルトを安くしてくださって嬉しいです これからも買い続けるのでお値段据え置きでお願いします！！！。,商品,デイリー,"['小岩井', '生乳100％ヨーグルト', '安く', '買い続ける', 'お値段', 'お願い']"
レジの行列で通路を塞いでいる場合が多くあり通路が通り難い様に思います(岸和田店) レジ場所移動やレジ配置換えなど何か解決策や方法を考えて通路を通り易くして頂きたく思います(隣接している長崎屋も同じ様な感じ) 。,サービス・設備,店内レイアウト,"['レジ', '通路', '通り難い', '解決策', '方法']"
クーポンなどもたついていた。,サービス・設備,割引サービス,['クーポン']
カツカレーライスを、購入したのだけど、フォークと割り箸しか無くて、残念ですスプーンも有ると嬉しかったです 。,サービス・設備,商品在庫,"['カツカレーライス', 'フォーク', '割り箸', 'スプーン']"
野菜と牛肉と豚肉の販売もしてほしいです 。,商品,デイリー,"['野菜', '牛肉', '豚肉']"
マスクの種類はもうちょい増やしてくれへんかな？,商品,ホームグッズ,"['マスク', '種類', '増やす']"
れじの人の対応よかったです 品出ししている人は、少し通りづらく、仕事に夢中なのか、こっちがよけてる感じで、気付いてほしかったです 。,サービス・設備,接客態度,"['れじの人', '対応', '品出し', '通りづらい', '仕事に夢中', '気付いてほしい']"
レジのSさんめっちゃ対応ええ。,サービス・設備,接客態度,"['レジ', 'Sさん', '対応']"
レジでのお会計の際、台が濡れていたがそのまま作業されたのが不快でした 今はその都度消毒するお店もあるくらいなので、消毒とまではいかなくてもきれいな状態でやっていただきたいです 。,サービス・設備,店内の清潔度,"['レジ', 'お会計', '台', '濡れ', '不快', '消毒', 'きれい']"
駐車場の進行方向を守って停めてるのに、逆走する車が多く不愉快な思いをよくする 。,サービス・設備,駐車場,"['進行方向', '逆走', '車', '不愉快']"
きれいになりすぎていてまだなれない 次行くときが楽しみである！。,サービス・設備,店内の清潔度,"['きれい', 'なれない', '楽しみ']"
スマホの使い方があまり得意じゃない私に　スマホを使ってクーポンを得る時など、スタッフさん優しく教えて下さいました ありがとうございました 　。,サービス・設備,接客態度,"['スマホ', '使い方', 'クーポン', 'スタッフ', '教えて']"
炭酸水を安くしてほしい。,商品,デイリー,"['炭酸水', '安く']"
チャージのやり方を聞いたら、機械でやってくださいと言われましたが、丁寧でなく戸惑いました 。,サービス・設備,接客態度,"['チャージ', 'やり方', '機械', '丁寧', '戸惑い']"
レジの方も、品だしの方も皆さん感じが良くてほっとします あるスーパーのレジは、クーポンのやり取りで、まるで老害扱いのような対応をされることがあって、ドンキホーテは絶対そんな事がないので大好き❤️です 。,サービス・設備,接客態度,"['レジ', '品だし', '感じが良い', 'クーポン', '老害扱い', 'ドンキホーテ']"
このアプリでもHP上でもいいので各店舗のフロアマップがあると助かります 。,サービス・設備,店内レイアウト,['フロアマップ']
最近又通路がせまくなってるところが多々あります 通りづらく、商品も見にくい売り場もあります 。,サービス・設備,店内レイアウト,"['通路', 'せまい', '通りづらい', '商品', '見にくい', '売り場']"
ヨーグルトを安く買う事が出来て良かった 。,商品,デイリー,"['ヨーグルト', '安く買う']"
これからも工夫してください。,サービス・設備,店内レイアウト,['工夫']
クジしょっぱ過ぎない？１ポイントですら１年で５回も当たらんぞ？。,サービス・設備,商品在庫,"['クジ', 'ポイント', '当たらない']"
何処に何があるか地図の様なものを、置いて欲しい。,サービス・設備,店内レイアウト,"['地図', '置いて欲しい']"
前回もだけどレジが2人 待ち3人！レジの人増やして欲しい。,サービス・設備,レジ処理の速度,"['レジ', '待ち', '人増やす']"
今日は3箇所のレジ　すべて3～4人並んでいて結構時間がかかりました 。,サービス・設備,レジ処理の速度,"['レジ', '時間']"
メキシコ産の緩衝材でくるんだアボカドが美味しかったです 国産豚の切り落としを安く売ってほしいです 。,商品,デイリー,"['メキシコ産', '緩衝材', 'アボカド', '国産豚', '切り落とし', '安く売ってほしい']"
商品の価格が書いていないのがあって、近くに誰もスタッフも居ないので値段が聞けなかったので、表示価格を分かりやすくして頂けるとありがたいです 。,商品,商品知識,"['価格', '表示価格']"
トイレを増やして欲しい。あと、汚い,サービス・設備,トイレ設備,"['トイレ', '増やす', '汚い']"
配置が変わり少し見やすくなりました トイレットペーパーを溝の口店や蒲田店位の値段に下げて欲しい 。,サービス・設備,商品在庫,"['配置', '見やすい', 'トイレットペーパー', '溝の口店', '蒲田店', '値段', '下げる']"
従業員の方どなたも感じがよく対応してくださったので買い物が楽しかったです 。,サービス・設備,接客態度,"['従業員', '感じがよい', '対応']"
従業員全員がもう少し愛想良く対応してくれると気持ちよく買い物できる お菓子全般値上げしないで欲しい お菓子はドンキでしか買わないので 。,サービス・設備,接客態度,"['愛想良く', '対応', '買い物']"
初めて行きました 広くてドンキに来たなーと思いました 。,サービス・設備,店内レイアウト,"['広い', 'ドンキ']"
従業員のNさんは買った商品を雑に扱ったり対応がすごく悪かった昨日買った化粧品を使おうと開けたら不良品だったから電話したら誤りもしない最低だと思う。,商品,コスメ,"['従業員', 'Nさん', '買った商品', '雑に扱ったり', '対応が悪かった', '昨日買った', '化粧品', '使おうと開けたら', '不良品', '電話したら', '誤りもしない', '最低']"
ないわ。,商品,欠品,['ない']
毎回マジカアプリで購入 合計金額をギリギリの金額でチャージして購入している いつもはチャージ後に精算バーコードをピッとしてもらうが、今回は先にピッとされた （レジの人が先にと、、）後で、購入金額をチャージして、決済しようとしたら残高が足りませんとはじかれた 困ってもレジが並んでるからか店員は見てみぬふり しばらく待っても反映しなかったから、やっぱりチャージを先にしないと、ピッとしてはいけないのだと思う 困ったが、とりあえずポイントがかなりたまってたので、ポイント払いをしたので事なきを得たが、なんか損した気分 チャージのタイミングがうまく機械上できないのであれば、ピッとするタイミングを考えて欲しい 店員さん、淡々とレジをしている様子 お金がそんなにあるわけじゃないので、先に大きい金額をチャージ出来ない 店員名、レジのレシートは草田さんとなっています 。,サービス・設備,レジ処理の速度,"['マジカアプリ', 'チャージ', '精算バーコード', '残高不足', 'ポイント払い', '損した気分', 'チャージのタイミング', '店員さん', 'レシート']"
ビールにオマケがついていると買ってしまいます。,商品,フード＆ドリンク,"['ビール', 'オマケ']"
スティックサラダを作って欲しい。,サービス・設備,商品知識,"['スティックサラダ', '作って']"
ボタニスト系商品を安くして下さい 。,商品,ヘルスケア,"['ボタニスト', '商品', '安く']"
レジのKさんの対応がとても良かった。,サービス・設備,接客態度,"['レジ', 'Kさん', '対応', '良かった']"
従業員の人が親切でした❗。,サービス・設備,接客態度,"['従業員', '親切']"
レノアハピネスを安くして欲しい 。,商品,ホームグッズ,"['レノアハピネス', '安く']"
一度買って、気に入った品物が２～３日後には売り切れてます その後同じ品物が入荷されなくって残念です 人気の品物は継続して入荷して欲しいですね 。,商品,商品在庫,"['売り切れ', '入荷']"
「サントリー酸化防止剤無添加ワイン」は、いつも「濃い赤」だけが品切れなのですが、今日に限って、「濃い赤」だけが残ってました よく見ると、「濃い赤」だけが値上がりしてました 他は特売の値段で、値上げ前のままでした 今度からは他の店の値段も確認しようと思いました 。,商品,商品在庫,"['サントリー酸化防止剤無添加ワイン', '濃い赤', '品切れ', '値上がり', '特売', '値上げ']"
9月14日クーポンのチキンラーメンの値引きがされていなかったワンタンメンの方は手で20円ひいていましたがなぜなんでしょう。,商品,割引サービス,"['クーポン', 'チキンラーメン', '値引き', 'ワンタンメン', '手で20円ひいていました']"
アイスクリームを安くして欲しい❗️。,商品,デイリー,"['アイスクリーム', '安く']"
何時もＬＧ購入するのですが、賞味期限が短いので、もう少し長めが入荷してると、一度に2箱買えるので有難いです 。,商品,デイリー,"['ＬＧ', '賞味期限', '短い', '入荷', '2箱']"
難しいとは思うのですが、クーポン券はあったけど、在庫はないので買えないっていう商品がたまにあるので、在庫がきれたら売り切れの表示をしてほしい 。,商品,商品在庫,"['クーポン券', '在庫', '売り切れ']"
成田店のレジ店員さんの対応が良かった！支払いに現金で払おうとした所、majicaにチャージして支払った方がポイント還元が良いと教えて下さり、チャージした 知らなかったら損してたな…って ちょっとした事だけど、有り難かったです 有難うございました‼︎。,サービス・設備,レジ処理の速度,"['成田店', 'レジ店員', '対応', '現金', '支払い', 'majica', 'チャージ', 'ポイント還元']"
お名前は確認していませんが、毎回あまりレジ対応の良くない方がいます 凄いレベルの対応を望んでる訳ではありませんが、気持ち良く買い物して帰りたいかと！。,サービス・設備,接客態度,"['レジ対応', '気持ち良く買い物']"
さくら大根をいれて！。,商品,デイリー,['さくら大根']
飲料水を一階にしてほしい。,サービス・設備,商品陳列,"['飲料水', '一階']"
商品の価格が分からなかったが、すぐ調べてくれた 。,商品,商品知識,"['価格', '調べる']"
最近、大塚製薬のイオンウォーター900ml、都内どの店舗行っても見ない ここもない 被災地とかにいっちゃってるのかな？ 。,商品,デイリー,"['大塚製薬', 'イオンウォーター', '900ml', '都内', '店舗', '被災地']"
アルコールが他店と比べていつもリーズナブルで有り難いです 。,商品,リカー＆ワイン,"['リーズナブル', '有り難い']"
探し物をしている時に親切に若い女性の店員さんがさがしてくれました ありがとうございました 。,サービス・設備,接客態度,"['親切', '若い女性', '店員さん']"
レジにいると思った店員がいきなり別のレジに移動してしまい、とても待たされた。,サービス・設備,接客態度,"['レジ', '店員', '待たされた']"
クーポンが出ている商品の中にどこにも陳列されてないものがある。,商品,商品陳列,"['クーポン', '陳列']"
エレベーターの消毒液のノズルがなく、洋服にかかってしまいました 交換お願いします 。,サービス・設備,安全対策,"['エレベーター', '消毒液', 'ノズル', '洋服', '交換']"
先日に続き同じ様なクレームです レジのSさん(男性) シャツを購入したのですが、プラスチックのハンガーをはずされる時、シャツが痛む外し方をされました そんな外され方されるくらいなら付けたままにして欲しいと伝えましたが、それでも無理矢理外そうとしました 結局外して裏返ったシャツを乱雑にカゴに入れられました 客の購入した商品を丁寧に扱う事は出来ないのですかね？マジカの買い物袋を忘れられたので、くださいと言うと睨みつけられました 店員としての資質を疑います 長年通っているので、しっかりした、店員さんも知っていますが、、、お客が気持ちよく買い物できるようには、ならないんですかね？。,サービス・設備,接客態度,"['クレーム', 'レジ', 'Sさん', 'シャツ', 'ハンガー', '痛む', '外し方', '付けたまま', '乱雑', '買い物袋', '睨みつけられる', '店員', '資質', '通っている', '気持ちよく買い物']"
アプリのバージョンアップを会計前に気づいて慌てました 告知あったのかしら？。,サービス・設備,接客態度,"['アプリ', 'バージョンアップ', '会計前', '告知']"
トイレがわかりにくかったです もっと看板を増やしてもらえたら嬉しいです 。,サービス・設備,トイレ設備,"['トイレ', '看板']"
レジスタッフを増やして欲しいです 。,サービス・設備,レジ処理の速度,"['レジスタッフ', '増やして']"
ピーク時はレジを少し多く出してほしい 。,サービス・設備,レジ処理の速度,"['ピーク時', 'レジ', '多く']"
店員の愛想を良くしてほしいです 。,サービス・設備,接客態度,['愛想']
レジ画面が見えない。,サービス・設備,レジ処理の速度,"['レジ画面', '見えない']"
店内にもカート置き場があった方が良い カゴだけで買い物済むと思ったら、重くなったのでカートを取りに入口外に取りに行くのが面倒 。,サービス・設備,店内レイアウト,"['カート置き場', 'カゴ', '買い物', '重い', '入口外', '面倒']"
品切れが多すぎ もう少し品揃えをしっかりして欲しい 。,商品,欠品,"['品切れ', '品揃え']"
みなさんいい人たちばかりです。,サービス・設備,接客態度,"['いい人', '良い人']"
レジの男の店員は、なんの挨拶もない！。,サービス・設備,接客態度,"['レジ', '男の店員', '挨拶']"
店舗によってはお米が安い 地域にもよるかもしれないですが、なかなかこの世の中お米の時代では無くなってきてますが、とっても安いイメージだったので、今回は見に行来ましたが買いませんでした でも、買い予定のないものばかりつい買ってしまうので、行ったら何か必ず買います！また行きます！。,商品,デイリー,"['お米', '安い']"
クーポンをもっと充実して欲しい 。,サービス・設備,商品在庫,"['クーポン', '充実']"
身体障害者駐車スペースに一般車が駐車私は障害者　非常に迷惑店側として何か一般車駐車させない努力をして欲しい。,サービス・設備,駐車場,"['身体障害者駐車スペース', '一般車', '障害者', '迷惑']"
パンを安くしてほしい 。,商品,デイリー,"['パン', '安く']"
江坂店、無料レジ袋をすすめてくれた 助かりました 。,サービス・設備,レジ処理の速度,"['無料レジ袋', '助かりました']"
食品付近にいらっしゃる「すどう」さんは、前回丁寧に説明してくれました(^^)冷凍パスタのにんにく６倍、今日もなかった(T_T)。,商品,デイリー,"['すどう', '説明', '冷凍パスタ', 'にんにく']"
広告の商品がどこにあるか分からない、店中探したが分からなかった❗️分かりやすくして下さい‼️。,サービス・設備,商品陳列,"['広告', '商品', '分からない', '店中探した']"
アンケートが当たりません。,サービス・設備,商品在庫,"['アンケート', '当たりません']"
チャージしようとしたら、出来なかったので、レジでチャージしました どうしてできなかったのでしょうか？。,サービス・設備,レジ処理の速度,"['チャージ', 'できなかった']"
近隣にドラッグストアがある 酒類のほとんどがドラッグストアのほうが安値で販売されており、弊社でもドラッグストアより安く販売してほしあ。,商品,リカー＆ワイン,"['ドラッグストア', '安値', '販売']"
ライスペーパーを置いて欲しいです 。,商品,ホームグッズ,['ライスペーパー']
レジの会計で、焼き芋やそうめんが入っていたのに、上からトイレットペーパー18ロールボンっ！と載せられて接客最悪でした 小太りの男の子です。,サービス・設備,接客態度,"['レジ', '会計', '焼き芋', 'そうめん', 'トイレットペーパー', '接客最悪', '小太り', '男の子']"
店員さんは忙しいためか愛想がない 。,サービス・設備,接客態度,"['店員さん', '忙しい', '愛想']"
スムーズに会計が出来た。,サービス・設備,レジ処理の速度,"['スムーズ', '会計']"
